// UPGRADE,UNIT,TYPE,EPOCH,HP,LOS,DAMAGE,RANGE,RELOAD,BUILDTIME,FOOD,WOOD,STONE,GOLD,TIN,IRON,SALTPETER,OIL,URANIUM,DISPLAYNAME,DISPLAYNAME,VISUAL,UI VISUAL,ICON,MMCOLOR,POP CAPACITY,FULLMAP,TOOLTIP,SNDSEL,SNDMOVE,SNDATTACK,SNDDEATH,UPGRADEREFS,CIV

/////////////////////////////////////////////////,,,,,,,,,,,,,,,,,,,,,,,,,,,,,,,,,
// EE2X UNIQUE UNIT UPGRADES,,,,,,,,,,,,,,,,,,,,,,,,,,,,,,,,,

// zulu unique units,,,,,,,,,,,,,,,,,,,,,,,,,,,,,,,,,
UU_Zulu1UpgradeEpoch1,UniqueUnitZulu1,"""Unit""",1,225,5,11,0.8,1.5,37,37,0,0,17,12,0,0,0,0,tx_utn_UUZulu1_name,tx_utn_UUZulu1_pname,UniqueUnitZulu1,,icon_unit_UUZulu1,[0 0 0 0],0,0,vtt_unit_UUZulu1,[v_HeavyInfantry1_03_sel01],[v_HeavyInfantry1_03_spe01 v_HeavyInfantry1_03_com01 v_HeavyInfantry1_03_com02],[v_HeavyInfantry1_03_spe01 v_HeavyInfantry1_03_com01 v_HeavyInfantry1_03_com02],[],[],Zulu
UU_Zulu2UpgradeEpoch6,UniqueUnitZulu2,"""Unit""",6,295,5,7,1,2,60,30,50,0,40,0,0,0,0,0,tx_utn_UUZulu2_name,tx_utn_UUZulu2_pname,UniqueUnitZulu2,,icon_unit_UUZulu2,[0 0 0 0],0,0,vtt_unit_UUZulu2,[v_HeavyInfantry1_07_sel01],[v_HeavyInfantry1_07_spe01 v_HeavyInfantry1_07_com01 v_HeavyInfantry1_07_com02],[v_HeavyInfantry1_07_spe01 v_HeavyInfantry1_07_com01 v_HeavyInfantry1_07_com02],[],[],Zulu
UU_Zulu3UpgradeEpoch11,UniqueUnitZulu3,"""Unit""",15,4250,16,425,16,3,70,400,0,0,550,0,0,0,550,300,tx_utn_UUZulu3_name,tx_utn_UUZulu3_pname,UniqueUnitZulu3,,icon_unit_UUZulu3,[0 0 0 0],0,0,vtt_unit_UUZulu3,[v_LightArtillery1_11_sel01],[v_LightArtillery1_11_com01 v_LightArtillery1_11_com02],[v_LightArtillery1_11_com01 v_LightArtillery1_11_com02 v_LightArtillery1_11_spe01],[],[],Zulu

// maasai unique units,,,,,,,,,,,,,,,,,,,,,,,,,,,,,,,,,
UU_Maasai1UpgradeEpoch1,UniqueUnitMaasai1,"""Unit""",1,160,7,8,6,3,37,32,22,0,0,12,0,0,0,0,tx_utn_UUMaasai1_name,tx_utn_UUMaasai1_pname,UniqueUnitMaasai1,,icon_unit_UUMaasai1,[0 0 0 0],0,0,vtt_unit_UUMaasai1,[v_LightInfantry_01_sel01],[v_LightInfantry_01_com01 v_LightInfantry_01_com02],[v_LightInfantry_01_com01 v_LightInfantry_01_com02 v_LightInfantry_01_spe01],[],[],Maasai
UU_Maasai2UpgradeEpoch6,UniqueUnitMaasai2,"""Unit""",6,300,5,0,0,0,50,55,0,0,90,0,0,0,0,0,tx_utn_UUMaasai2_name,tx_utn_UUMaasai2_pname,UniqueUnitMaasai2,,icon_unit_UUMaasai2,[0 0 0 0],0,0,vtt_unit_UUMaasai2,[v_Priest_01_sel01],[v_Priest_01_com01 v_Priest_01_com02 v_Priest_01_spe01],[v_Priest_01_com01 v_Priest_01_com02 v_Priest_01_spe01],[],[],Maasai
UU_Maasai3UpgradeEpoch11,UniqueUnitMaasai3,"""Unit""",13,3620,8,900,1.5,0.5,140,0,1300,0,1300,0,0,0,1300,1300,tx_utn_UUMaasai3_name,tx_utn_UUMaasai3_pname,UniqueUnitMaasai3,,icon_unit_UUMaasai3,[0 0 0 0],0,0,vtt_unit_UUMaasai3,[v_Bomber_13_sel01],[v_Bomber_13_com01 v_Bomber_13_com02],[v_Bomber_13_com01 v_Bomber_13_com02 v_Bomber_13_spe01],[],[],Maasai

// russian unique units,,,,,,,,,,,,,,,,,,,,,,,,,,,,,,,,,
UU_Russian1UpgradeEpoch1,UniqueUnitRussian1,"""Unit""",1,255,5,15,0.8,1.5,37,39,0,0,19,0,14,0,0,0,tx_utn_UURussian1_name,tx_utn_UURussian1_pname,UniqueUnitRussian1,,icon_unit_UURussian1,[0 0 0 0],0,0,vtt_unit_UURussian1,[v_HeavyInfantry1_03_sel01],[v_HeavyInfantry1_03_spe01 v_HeavyInfantry1_03_com01 v_HeavyInfantry1_03_com02],[v_HeavyInfantry1_03_spe01 v_HeavyInfantry1_03_com01 v_HeavyInfantry1_03_com02],[],[],Russian
UU_Russian2UpgradeEpoch6,UniqueUnitRussian2,"""Unit""",6,640,8,155,10,4,68,170,0,0,300,0,0,300,0,0,tx_utn_UURussian2_name,tx_utn_UURussian2_pname,UniqueUnitRussian2,,icon_unit_UURussian2,[0 0 0 0],0,0,vtt_unit_UURussian2,[v_LightArtillery1_09_sel01],[v_LightArtillery1_09_com01 v_LightArtillery1_09_com02],[v_LightArtillery1_09_com01 v_LightArtillery1_09_com02 v_LightArtillery1_09_spe01],[],[],Russian
UU_Russian3UpgradeEpoch11,UniqueUnitRussian3,"""Unit""",14,2800,15,300,14,2.8,70,400,350,0,280,0,0,0,220,200,tx_utn_T72_name,tx_utn_T72_pname,UniqueUnitRussian3,,icon_unit_T72,[0 0 0 0],0,0,vtt_unit_T72,[CWCruT72_MA_sel_01],[CWCruT72_MA_mov_01 CWCruT72_MA_mov_02 CWCruT72_MA_mov_03],[CWCruT72_MA_att_01 CWCruT72_MA_att_02 CWCruT72_MA_att_03],[],[],Russian
UU_Russian3UpgradeEpoch15,UniqueUnitRussian3,"""Unit""",16,5000,16,430,16,3,70,400,470,0,0,0,0,0,200,470,tx_utn_Amata_name,tx_utn_Amata_pname,UniqueUnitRussian4,,icon_unit_Amata,[0 0 0 0],0,0,vtt_unit_Amata,[CWCruT72_MA_sel_01],[CWCruT72_MA_mov_01 CWCruT72_MA_mov_02 CWCruT72_MA_mov_03],[CWCruT72_MA_att_01 CWCruT72_MA_att_02 CWCruT72_MA_att_03],[],[],Russian


// french unique units,,,,,,,,,,,,,,,,,,,,,,,,,,,,,,,,,
UU_French1UpgradeEpoch1,UniqueUnitFrench1,"""Unit""",1,270,6,95,7,8,80,0,290,0,280,260,0,0,0,0,tx_utn_UUFrench1_name,tx_utn_UUFrench1_pname,UniqueUnitFrench1,,icon_unit_UUFrench1,[0 0 0 0],0,0,vtt_unit_UUFrench1,[v_HeavyArtillery_04_sel01],[v_HeavyArtillery_04_com01 v_HeavyArtillery_04_com02],[v_HeavyArtillery_04_com01 v_HeavyArtillery_04_com02 v_HeavyArtillery_04_spe01],[],[],French
UU_French2UpgradeEpoch6,UniqueUnitFrench2,"""Unit""",6,355,5,30,1,1.0,45,44,0,0,34,0,24,0,0,0,tx_utn_UUFrench2_name,tx_utn_UUFrench2_pname,UniqueUnitFrench2,,icon_unit_UUFrench2,[0 0 0 0],0,0,vtt_unit_UUFrench2,[v_HeavyMounted1_06_sel01],[v_HeavyMounted1_06_com01 v_HeavyMounted1_06_com02 v_HeavyMounted1_06_spe01],[v_HeavyMounted1_06_com01 v_HeavyMounted1_06_com02 v_HeavyMounted1_06_spe01],[],[],French
UU_French3UpgradeEpoch11,UniqueUnitFrench3,"""Unit""",14,1860,24,780,20,1,90,0,750,0,750,0,0,0,750,400,tx_utn_UUFrench3_name,tx_utn_UUFrench3_pname,UniqueUnitFrench3,,icon_unit_UUFrench3,[0 0 0 0],0,0,vtt_unit_UUFrench3,[v_fighter_bomber_12_sel01],[v_fighter_bomber_12_com01 v_fighter_bomber_12_com02],[v_fighter_bomber_12_com01 v_fighter_bomber_12_com02 v_fighter_bomber_12_spe01],[],[],French


/////////////////////////////////////////////////,,,,,,,,,,,,,,,,,,,,,,,,,,,,,,,,,
// EE2X HERO UPGRADES,,,,,,,,,,,,,,,,,,,,,,,,,,,,,,,,,

// light infantry hero,,,,,,,,,,,,,,,,,,,,,,,,,,,,,,,,,
LightInfantryHeroUpgradeEp1,LightInfantryHero,"""Unit""",1,100,8,12,7,3,0,0,0,0,0,0,0,0,0,0,tx_utn_LightInf_e1_name,tx_utn_LightInf_e1_pname,LightInfantryHero_01,,icon_unit_bowman,[0 0 0 0],0,0,vtt_unit_bowman,[v_LightInfantry_01_sel01],[v_LightInfantry_01_com01 v_LightInfantry_01_com02],[v_LightInfantry_01_com01 v_LightInfantry_01_com02 v_LightInfantry_01_spe01],[],[LightInfantryHeroEp1Attack],All
LightInfantryHeroUpgradeEp3,LightInfantryHero,"""Unit""",3,115,8,13,7,3,0,0,0,0,0,0,0,0,0,0,tx_utn_LightInf_e3_name,tx_utn_LightInf_e3_pname,LightInfantryHero_03,,icon_unit_composite_bowman,[0 0 0 0],0,0,vtt_unit_compositebowman,[v_LightInfantry_03_sel01],[v_LightInfantry_03_com01 v_LightInfantry_03_com02],[v_LightInfantry_03_com01 v_LightInfantry_03_com02 v_LightInfantry_03_spe01],[],[LightInfantryHeroEp3Attack],All
LightInfantryHeroUpgradeEp5,LightInfantryHero,"""Unit""",5,130,8,15,7,3,0,0,0,0,0,0,0,0,0,0,tx_utn_LightInf_e5_name,tx_utn_LightInf_e5_pname,LightInfantryHero_05,,icon_unit_crossbowman,[0 0 0 0],0,0,vtt_unit_crossbowman,[v_LightInfantry_05_sel01],[v_LightInfantry_05_com01 v_LightInfantry_05_com02],[v_LightInfantry_05_com01 v_LightInfantry_05_com02 v_LightInfantry_05_spe01],[],[LightInfantryHeroEp5Attack],All
LightInfantryHeroUpgradeEp7,LightInfantryHero,"""Unit""",7,145,9,20,8,3,0,0,0,0,0,0,0,0,0,0,tx_utn_LightInf_e7_name,tx_utn_LightInf_e7_pname,LightInfantryHero_07,,icon_unit_grenadepistoleer,[0 0 0 0],0,0,vtt_unit_grenadepistoleer,[v_LightInfantry_07_sel01],[v_LightInfantry_07_com01 v_LightInfantry_07_com02],[v_LightInfantry_07_com01 v_LightInfantry_07_com02 v_LightInfantry_07_spe01],[],[LightInfantryHeroEp7Attack],All
LightInfantryHeroUpgradeEp9,LightInfantryHero,"""Unit""",9,160,10,21,9,3,0,0,0,0,0,0,0,0,0,0,tx_utn_LightInf_e9_name,tx_utn_LightInf_e9_pname,LightInfantryHero_09,,icon_unit_grenadier,[0 0 0 0],0,0,vtt_unit_grenadier,[v_LightInfantry_09_sel01],[v_LightInfantry_09_com01 v_LightInfantry_09_com02],[v_LightInfantry_09_com01 v_LightInfantry_09_com02 v_LightInfantry_09_spe01],[],[LightInfantryHeroEp9Attack],All
LightInfantryHeroUpgradeEp11,LightInfantryHero,"""Unit""",11,335,11,33,10,1.5,0,0,0,0,0,0,0,0,0,0,tx_utn_hvyInf1_e11_name,tx_utn_hvyInf1_e11_pname,HeavyInfantry1Hero_11,,icon_unit_rifleman,[0 0 0 0],0,0,vtt_unit_rifleman,[v_LightInfantry_11_sel01],[v_LightInfantry_11_com01 v_LightInfantry_11_com02],[v_LightInfantry_11_com01 v_LightInfantry_11_com02 v_LightInfantry_11_spe01],[],[LightInfantryHeroEp11Attack],All
LightInfantryHeroUpgradeEp13,LightInfantryHero,"""Unit""",13,450,11,36,10,0.5,0,0,0,0,0,0,0,0,0,0,tx_utn_hvyInf1_e13_name,tx_utn_hvyInf1_e13_pname,HeavyInfantry1Hero_13,,icon_unit_assaultrifleman,[0 0 0 0],0,0,vtt_unit_assaultrifleman,[v_LightInfantry_13_sel01],[v_LightInfantry_13_com01 v_LightInfantry_13_com02],[v_LightInfantry_13_com01 v_LightInfantry_13_com02 v_LightInfantry_13_spe01],[],[LightInfantryHeroEp13Attack],All
LightInfantryHeroUpgradeEp15,LightInfantryHero,"""Unit""",15,500,11,41,10,0.5,0,0,0,0,0,0,0,0,0,0,tx_utn_hvyInf1_e15_name,tx_utn_hvyInf1_e15_pname,HeavyInfantry1Hero_15,,icon_unit_objectiveforcewarrior,[0 0 0 0],0,0,vtt_unit_objectiveforcewarrior,[v_LightInfantry_15_sel01],[v_LightInfantry_15_com01 v_LightInfantry_15_com02],[v_LightInfantry_15_com01 v_LightInfantry_15_com02 v_LightInfantry_15_spe01],[],[LightInfantryHeroEp15Attack],All

// heavy infantry 1 hero,,,,,,,,,,,,,,,,,,,,,,,,,,,,,,,,,
HeavyInfantry1HeroUpgradeEp1,HeavyInfantry1Hero,"""Unit""",1,120,6,8,0.8,1.5,0,0,0,0,0,0,0,0,0,0,tx_utn_hvyInf1_e1_name,tx_utn_hvyInf1_e1_pname,HeavyInfantry1Hero_01,,icon_unit_maceman,[0 0 0 0],0,0,vtt_unit_maceman,[v_HeavyInfantry1_01_sel01],[v_HeavyInfantry1_01_spe01 v_HeavyInfantry1_01_com01 v_HeavyInfantry1_01_com02],[v_HeavyInfantry1_01_spe01 v_HeavyInfantry1_01_com01 v_HeavyInfantry1_01_com02],[],[HeavyInfantry1HeroEp1Attack],All
HeavyInfantry1HeroUpgradeEp3,HeavyInfantry1Hero,"""Unit""",3,140,6,10,0.8,1.5,0,0,0,0,0,0,0,0,0,0,tx_utn_hvyInf1_e3_name,tx_utn_hvyInf1_e3_pname,HeavyInfantry1Hero_03,,icon_unit_swordsman,[0 0 0 0],0,0,vtt_unit_swordsman,[v_HeavyInfantry1_03_sel01],[v_HeavyInfantry1_03_spe01 v_HeavyInfantry1_03_com01 v_HeavyInfantry1_03_com02],[v_HeavyInfantry1_03_spe01 v_HeavyInfantry1_03_com01 v_HeavyInfantry1_03_com02],[],[HeavyInfantry1HeroEp3Attack],All
HeavyInfantry1HeroUpgradeEp5,HeavyInfantry1Hero,"""Unit""",5,155,6,11,0.8,1.5,0,0,0,0,0,0,0,0,0,0,tx_utn_hvyInf1_e5_name,tx_utn_hvyInf1_e5_pname,HeavyInfantry1Hero_05,,icon_unit_manatarms,[0 0 0 0],0,0,vtt_unit_manatarms,[v_HeavyInfantry1_05_sel01],[v_HeavyInfantry1_05_spe01 v_HeavyInfantry1_05_com01 v_HeavyInfantry1_05_com02],[v_HeavyInfantry1_05_spe01 v_HeavyInfantry1_05_com01 v_HeavyInfantry1_05_com02],[],[HeavyInfantry1HeroEp5Attack],All
HeavyInfantry1HeroUpgradeEp7,HeavyInfantry1Hero,"""Unit""",7,160,9,18,8,3,0,0,0,0,0,0,0,0,0,0,tx_utn_hvyInf1_e7_name,tx_utn_hvyInf1_e7_pname,HeavyInfantry1Hero_07,,icon_unit_musketeer,[0 0 0 0],0,0,vtt_unit_musketeer,[v_HeavyInfantry1_07_sel01],[v_HeavyInfantry1_07_spe01 v_HeavyInfantry1_07_com01 v_HeavyInfantry1_07_com02],[v_HeavyInfantry1_07_spe01 v_HeavyInfantry1_07_com01 v_HeavyInfantry1_07_com02],[],[HeavyInfantry1HeroEp7Attack],All
HeavyInfantry1HeroUpgradeEp9,HeavyInfantry1Hero,"""Unit""",9,185,10,20,9,3,0,0,0,0,0,0,0,0,0,0,tx_utn_hvyInf1_e9_name,tx_utn_hvyInf1_e9_pname,HeavyInfantry1Hero_09,,icon_unit_regular,[0 0 0 0],0,0,vtt_unit_regular,[v_HeavyInfantry1_09_sel01],[v_HeavyInfantry1_09_spe01 v_HeavyInfantry1_09_com01 v_HeavyInfantry1_09_com02],[v_HeavyInfantry1_09_spe01 v_HeavyInfantry1_09_spe01 v_HeavyInfantry1_09_com01 v_HeavyInfantry1_09_com02],[],[HeavyInfantry1HeroEp9Attack],All
HeavyInfantry1HeroUpgradeEp11,HeavyInfantry1Hero,"""Unit""",11,335,11,100,11,5,0,0,0,0,0,0,0,0,0,0,tx_utn_hvyInf2_e11_name,tx_utn_hvyInf2_e11_pname,HeavyInfantry2Hero_11,,icon_unit_machinegunner,[0 0 0 0],0,0,vtt_unit_machinegunner,[v_HeavyInfantry1_11_sel01],[v_HeavyInfantry1_11_com01 v_HeavyInfantry1_11_com02 v_HeavyInfantry1_11_spe01],[v_HeavyInfantry1_11_com01 v_HeavyInfantry1_11_com02 v_HeavyInfantry1_11_spe01],[],[HeavyInfantry2HeroEp11Attack],All
HeavyInfantry1HeroUpgradeEp13,HeavyInfantry1Hero,"""Unit""",13,450,12,130,12,5,0,0,0,0,0,0,0,0,0,0,tx_utn_hvyInf2_e14_name,tx_utn_hvyInf2_e14_pname,HeavyInfantry2Hero_14,,icon_unit_minigunner,[0 0 0 0],0,0,vtt_unit_minigunner,[v_HeavyInfantry1_13_sel01],[v_HeavyInfantry1_13_com01 v_HeavyInfantry1_13_com02 v_HeavyInfantry1_13_spe01],[v_HeavyInfantry1_13_com01 v_HeavyInfantry1_13_com02 v_HeavyInfantry1_13_spe01],[],[HeavyInfantry2HeroEp14Attack],All
HeavyInfantry1HeroUpgradeEp15,HeavyInfantry1Hero,"""Unit""",15,500,13,150,13,5,0,0,0,0,0,0,0,0,0,0,tx_utn_hvyInf2_e14_name,tx_utn_hvyInf2_e14_pname,HeavyInfantry2Hero_14,,icon_unit_minigunner,[0 0 0 0],0,0,vtt_unit_minigunner,[v_HeavyInfantry1_15_sel01],[v_HeavyInfantry1_15_com01 v_HeavyInfantry1_15_com02 v_HeavyInfantry1_15_spe01],[v_HeavyInfantry1_15_com01 v_HeavyInfantry1_15_com02 v_HeavyInfantry1_15_spe01],[],[HeavyInfantry2HeroEp14Attack],All

// heavy infantry 2 hero,,,,,,,,,,,,,,,,,,,,,,,,,,,,,,,,,
HeavyInfantry2HeroUpgradeEp1,HeavyInfantry2Hero,"""Unit""",1,140,6,10,1,1.5,0,0,0,0,0,0,0,0,0,0,tx_utn_hvyInf2_e2_name,tx_utn_hvyInf2_e2_pname,HeavyInfantry2Hero_02,,icon_unit_spearman,[0 0 0 0],0,0,vtt_unit_spearman,[v_HeavyInfantry2_02_sel01],[v_HeavyInfantry2_02_com01 v_HeavyInfantry2_02_com02 v_HeavyInfantry2_02_spe01],[v_HeavyInfantry2_02_com01 v_HeavyInfantry2_02_com02 v_HeavyInfantry2_02_spe01],[],[HeavyInfantry2HeroEp2Attack],All
HeavyInfantry2HeroUpgradeEp2,HeavyInfantry2Hero,"""Unit""",2,140,6,10,1,1.5,0,0,0,0,0,0,0,0,0,0,tx_utn_hvyInf2_e2_name,tx_utn_hvyInf2_e2_pname,HeavyInfantry2Hero_02,,icon_unit_spearman,[0 0 0 0],0,0,vtt_unit_spearman,[v_HeavyInfantry2_02_sel01],[v_HeavyInfantry2_02_com01 v_HeavyInfantry2_02_com02 v_HeavyInfantry2_02_spe01],[v_HeavyInfantry2_02_com01 v_HeavyInfantry2_02_com02 v_HeavyInfantry2_02_spe01],[],[HeavyInfantry2HeroEp2Attack],All
HeavyInfantry2HeroUpgradeEp5,HeavyInfantry2Hero,"""Unit""",5,155,6,13,1,1.5,0,0,0,0,0,0,0,0,0,0,tx_utn_hvyInf2_e5_name,tx_utn_hvyInf2_e5_pname,HeavyInfantry2Hero_05,,icon_unit_pikeman,[0 0 0 0],0,0,vtt_unit_pikeman,[v_HeavyInfantry2_05_sel01],[v_HeavyInfantry2_05_com01 v_HeavyInfantry2_05_com02 v_HeavyInfantry2_05_spe01],[v_HeavyInfantry2_05_com01 v_HeavyInfantry2_05_com02 v_HeavyInfantry2_05_spe01],[],[HeavyInfantry2HeroEp5Attack],All
HeavyInfantry2HeroUpgradeEp8,HeavyInfantry2Hero,"""Unit""",8,185,6,15,1,1.5,0,0,0,0,0,0,0,0,0,0,tx_utn_hvyInf2_e8_name,tx_utn_hvyInf2_e8_pname,HeavyInfantry2Hero_08,,icon_unit_halberdier,[0 0 0 0],0,0,vtt_unit_halberdier,[v_HeavyInfantry2_08_sel01],[v_HeavyInfantry2_08_com01 v_HeavyInfantry2_08_com02 v_HeavyInfantry2_08_spe01],[v_HeavyInfantry2_08_com01 v_HeavyInfantry2_08_com02 v_HeavyInfantry2_08_spe01],[],[HeavyInfantry2HeroEp8Attack],All
HeavyInfantry2HeroUpgradeEp11,HeavyInfantry2Hero,"""Unit""",11,245,11,7,10,0.5,0,0,0,0,0,0,0,0,0,0,tx_utn_LightInf_e11_name,tx_utn_LightInf_e11_pname,LightInfantryHero_11,,icon_unit_mortarman,[0 0 0 0],0,0,vtt_unit_mortar,[v_HeavyInfantry2_11_sel01],[v_HeavyInfantry2_11_com01 v_HeavyInfantry2_11_com02 v_HeavyInfantry2_11_spe01],[v_HeavyInfantry2_11_spe01],[],[HeavyInfantry1HeroEp11Attack],All
HeavyInfantry2HeroUpgradeEp13,HeavyInfantry2Hero,"""Unit""",13,285,11,8,10,0.5,0,0,0,0,0,0,0,0,0,0,tx_utn_LightInf_e13_name,tx_utn_LightInf_e13_pname,LightInfantryHero_13,,icon_unit_incendiarymortar,[0 0 0 0],0,0,vtt_unit_incendiarymortar,[v_HeavyInfantry2_14_sel01],[v_HeavyInfantry2_14_com01 v_HeavyInfantry2_14_com02 v_HeavyInfantry2_14_spe01],[v_HeavyInfantry2_14_spe01],[],[HeavyInfantry1HeroEp13Attack],All
HeavyInfantry2HeroUpgradeEp14,HeavyInfantry2Hero,"""Unit""",15,285,11,8,10,0.5,0,0,0,0,0,0,0,0,0,0,tx_utn_LightInf_e15_name,tx_utn_LightInf_e15_pname,LightInfantryHero_15,,icon_unit_bombletmortar,[0 0 0 0],0,0,vtt_unit_bombletmortar,[v_HeavyInfantry2_14_sel01],[v_HeavyInfantry2_14_com01 v_HeavyInfantry2_14_com02 v_HeavyInfantry2_14_spe01],[v_HeavyInfantry2_14_spe01],[],[HeavyInfantry1HeroEp15Attack],All

// light mounted hero,,,,,,,,,,,,,,,,,,,,,,,,,,,,,,,,,
LightMountedHeroUpgradeEp1,LightMountedHero,"""Unit""",1,115,7,20,6,3,0,0,0,0,0,0,0,0,0,0,tx_utn_LightMnt1_e2_name,tx_utn_LightMnt1_e2_pname,LightMountedHero_02,,icon_unit_mounted_slinger,[0 0 0 0],0,0,vtt_unit_MountedSlinger,[v_LightMounted1_02_sel01],[v_LightMounted1_02_com01 v_LightMounted1_02_com02],[v_LightMounted1_02_com01 v_LightMounted1_02_com02 v_LightMounted1_02_spe01],[],[LightMountedHeroEp2Attack],All
LightMountedHeroUpgradeEp2,LightMountedHero,"""Unit""",2,115,7,20,6,3,0,0,0,0,0,0,0,0,0,0,tx_utn_LightMnt1_e2_name,tx_utn_LightMnt1_e2_pname,LightMountedHero_02,,icon_unit_mounted_slinger,[0 0 0 0],0,0,vtt_unit_MountedSlinger,[v_LightMounted1_02_sel01],[v_LightMounted1_02_com01 v_LightMounted1_02_com02],[v_LightMounted1_02_com01 v_LightMounted1_02_com02 v_LightMounted1_02_spe01],[],[LightMountedHeroEp2Attack],All
LightMountedHeroUpgradeEp4,LightMountedHero,"""Unit""",4,130,7,22,6,3,0,0,0,0,0,0,0,0,0,0,tx_utn_LightMnt1_e4_name,tx_utn_LightMnt1_e4_pname,LightMountedHero_04,,icon_unit_mounted_skirmisher,[0 0 0 0],0,0,vtt_unit_MountedSkirmisher,[v_LightMounted1_04_sel01],[v_LightMounted1_04_com01 v_LightMounted1_04_com02],[v_LightMounted1_04_com01 v_LightMounted1_04_com02 v_LightMounted1_04_spe01],[],[LightMountedHeroEp4Attack],All
LightMountedHeroUpgradeEp6,LightMountedHero,"""Unit""",6,145,8,27,7,3,0,0,0,0,0,0,0,0,0,0,tx_utn_LightMnt1_e6_name,tx_utn_LightMnt1_e6_pname,LightMountedHero_06,,icon_unit_horsearcher,[0 0 0 0],0,0,vtt_unit_HorseArcher,[v_LightMounted1_06_sel01],[v_LightMounted1_06_com01 v_LightMounted1_06_com02],[v_LightMounted1_06_com01 v_LightMounted1_06_com02 v_LightMounted1_06_spe01],[],[LightMountedHeroEp6Attack],All
LightMountedHeroUpgradeEp8,LightMountedHero,"""Unit""",8,160,8,29,7,3,0,0,0,0,0,0,0,0,0,0,tx_utn_LightMnt1_e8_name,tx_utn_LightMnt1_e8_pname,LightMountedHero_08,,icon_unit_Carabineer,[0 0 0 0],0,0,vtt_unit_Carabineer,[v_LightMounted1_08_sel01],[v_LightMounted1_08_com01 v_LightMounted1_08_com02],[v_LightMounted1_08_com01 v_LightMounted1_08_com02 v_LightMounted1_08_spe01],[],[LightMountedHeroEp8Attack],All
LightMountedHeroUpgradeEp10,LightMountedHero,"""Unit""",10,175,9,30,8,3,0,0,0,0,0,0,0,0,0,0,tx_utn_LightMnt1_e10_name,tx_utn_LightMnt1_e10_pname,LightMountedHero_10,,icon_unit_Dragoon,[0 0 0 0],0,0,vtt_unit_Dragoon,[v_LightMounted1_10_sel01],[v_LightMounted1_10_com01 v_LightMounted1_10_com02],[v_LightMounted1_10_com01 v_LightMounted1_10_com02 v_LightMounted1_10_spe01],[],[LightMountedHeroEp10Attack],All

// heavy mounted hero,,,,,,,,,,,,,,,,,,,,,,,,,,,,,,,,,
HeavyMountedHeroUpgradeEp1,HeavyMountedHero,"""Unit""",1,155,5,10,1,1.5,0,0,0,0,0,0,0,0,0,0,tx_utn_HvyMntd1_e2,tx_utn_HvyMntd1_e2_pname,HeavyMountedHero_02,,icon_unit_MountedInfantry,[0 0 0 0],0,0,vtt_unit_MountedInfantry,[v_HeavyMounted1_02_sel01],[v_HeavyMounted1_02_com01 v_HeavyMounted1_02_com02 v_HeavyMounted1_02_spe01],[v_HeavyMounted1_02_com01 v_HeavyMounted1_02_com02 v_HeavyMounted1_02_spe01],[],[HeavyMountedHeroEp2Attack],All
HeavyMountedHeroUpgradeEp2,HeavyMountedHero,"""Unit""",2,155,5,10,1,1.5,0,0,0,0,0,0,0,0,0,0,tx_utn_HvyMntd1_e2,tx_utn_HvyMntd1_e2_pname,HeavyMountedHero_02,,icon_unit_MountedInfantry,[0 0 0 0],0,0,vtt_unit_MountedInfantry,[v_HeavyMounted1_02_sel01],[v_HeavyMounted1_02_com01 v_HeavyMounted1_02_com02 v_HeavyMounted1_02_spe01],[v_HeavyMounted1_02_com01 v_HeavyMounted1_02_com02 v_HeavyMounted1_02_spe01],[],[HeavyMountedHeroEp2Attack],All
HeavyMountedHeroUpgradeEp4,HeavyMountedHero,"""Unit""",4,170,5,11,1,1.5,0,0,0,0,0,0,0,0,0,0,tx_utn_HvyMntd1_e4,tx_utn_HvyMntd1_e4_pname,HeavyMountedHero_04,,icon_unit_armored_cavalry,[0 0 0 0],0,0,vtt_unit_ArmoredCavalry,[v_HeavyMounted1_04_sel01],[v_HeavyMounted1_04_com01 v_HeavyMounted1_04_com02 v_HeavyMounted1_04_spe01],[v_HeavyMounted1_04_com01 v_HeavyMounted1_04_com02 v_HeavyMounted1_04_spe01],[],[HeavyMountedHeroEp4Attack],All
HeavyMountedHeroUpgradeEp6,HeavyMountedHero,"""Unit""",6,185,5,13,1,1.5,0,0,0,0,0,0,0,0,0,0,tx_utn_HvyMntd1_e6,tx_utn_HvyMntd1_e6_pname,HeavyMountedHero_06,,icon_unit_elite_cavalry,[0 0 0 0],0,0,vtt_unit_EliteCavalry,[v_HeavyMounted1_06_sel01],[v_HeavyMounted1_06_com01 v_HeavyMounted1_06_com02 v_HeavyMounted1_06_spe01],[v_HeavyMounted1_06_com01 v_HeavyMounted1_06_com02 v_HeavyMounted1_06_spe01],[],[HeavyMountedHeroEp6Attack],All
HeavyMountedHeroUpgradeEp8,HeavyMountedHero,"""Unit""",8,200,5,14,1,1.5,0,0,0,0,0,0,0,0,0,0,tx_utn_HvyMntd1_e8,tx_utn_HvyMntd1_e8_pname,HeavyMountedHero_08,,icon_unit_Lancer,[0 0 0 0],0,0,vtt_unit_Lancer,[v_HeavyMounted1_08_sel01],[v_HeavyMounted1_08_com01 v_HeavyMounted1_08_com02 v_HeavyMounted1_08_spe01],[v_HeavyMounted1_08_com01 v_HeavyMounted1_08_com02 v_HeavyMounted1_08_spe01],[],[HeavyMountedHeroEp8Attack],All
HeavyMountedHeroUpgradeEp10,HeavyMountedHero,"""Unit""",10,215,5,19,1,1.5,0,0,0,0,0,0,0,0,0,0,tx_utn_HvyMntd1_e10,tx_utn_HvyMntd1_e10_pname,HeavyMountedHero_10,,icon_unit_ImperialLancer,[0 0 0 0],0,0,vtt_unit_ImperialLancer,[v_HeavyMounted1_10_sel01],[v_HeavyMounted1_10_com01 v_HeavyMounted1_10_com02 v_HeavyMounted1_10_spe01],[v_HeavyMounted1_10_com01 v_HeavyMounted1_10_com02 v_HeavyMounted1_10_spe01],[],[HeavyMountedHeroEp10Attack],All

// light artillery 1 hero,,,,,,,,,,,,,,,,,,,,,,,,,,,,,,,,,
LightArtillery1HeroUpgradeEp1,LightArtillery1Hero,"""Unit""",1,135,6,56,6,3,0,0,0,0,0,0,0,0,0,0,tx_utn_LightArt1_e1_name,tx_utn_LightArt1_e1_pname,LightArtillery1Hero_01,,icon_unit_stonethrower,[0 0 0 0],0,0,vtt_unit_stonethrower,[v_LightArtillery1_01_sel01],[v_LightArtillery1_01_com01 v_LightArtillery1_01_com02],[v_LightArtillery1_01_com01 v_LightArtillery1_01_com02 v_LightArtillery1_01_spe01],[],[LightArtillery1HeroEp1Attack],All
LightArtillery1HeroUpgradeEp3,LightArtillery1Hero,"""Unit""",3,145,7,88,7,3,0,0,0,0,0,0,0,0,0,0,tx_utn_LightArt1_e3_name,tx_utn_LightArt1_e3_pname,LightArtillery1Hero_03,,icon_unit_scorpion,[0 0 0 0],0,0,vtt_unit_scorpion,[v_LightArtillery1_03_sel01],[v_LightArtillery1_03_com01 v_LightArtillery1_03_com02],[v_LightArtillery1_03_com01 v_LightArtillery1_03_com02 v_LightArtillery1_03_spe01],[],[LightArtillery1HeroEp3Attack],All
LightArtillery1HeroUpgradeEp5,LightArtillery1Hero,"""Unit""",5,150,8,40,8,2,0,0,0,0,0,0,0,0,0,0,tx_utn_LightArt1_e5_name,tx_utn_LightArt1_e5_pname,LightArtillery1Hero_05,,icon_unit_ballista,[0 0 0 0],0,0,vtt_unit_ballista,[v_LightArtillery1_05_sel01],[v_LightArtillery1_05_com01 v_LightArtillery1_05_com02],[v_LightArtillery1_05_com01 v_LightArtillery1_05_com02 v_LightArtillery1_05_spe01],[],[LightArtillery1HeroEp5Attack],All
LightArtillery1HeroUpgradeEp7,LightArtillery1Hero,"""Unit""",7,185,8,56,9,3,0,0,0,0,0,0,0,0,0,0,tx_utn_LightArt1_e7_name,tx_utn_LightArt1_e7_pname,LightArtillery1Hero_07,,icon_unit_culverin,[0 0 0 0],0,0,vtt_unit_culverin,[v_LightArtillery1_07_sel01],[v_LightArtillery1_07_com01 v_LightArtillery1_07_com02],[v_LightArtillery1_07_com01 v_LightArtillery1_07_com02 v_LightArtillery1_07_spe01],[],[LightArtillery1HeroEp7Attack],All
LightArtillery1HeroUpgradeEp9,LightArtillery1Hero,"""Unit""",9,210,8,77,10,4,0,0,0,0,0,0,0,0,0,0,tx_utn_LightArt1_e9_name,tx_utn_LightArt1_e9_pname,LightArtillery1Hero_09,,icon_unit_fieldgun,[0 0 0 0],0,0,vtt_unit_fieldgun,[v_LightArtillery1_09_sel01],[v_LightArtillery1_09_com01 v_LightArtillery1_09_com02],[v_LightArtillery1_09_com01 v_LightArtillery1_09_com02 v_LightArtillery1_09_spe01],[],[LightArtillery1HeroEp9Attack],All
LightArtillery1HeroUpgradeEp11,LightArtillery1Hero,"""Unit""",11,1540,13,220,13,3,0,0,0,0,0,0,0,0,0,0,tx_utn_LightArt1_e11_name,tx_utn_LightArt1_e11_pname,LightArtillery1Hero_11,,icon_unit_fieldartillery,[0 0 0 0],0,0,vtt_unit_fieldartillery,[v_LightArtillery1_11_sel01],[v_LightArtillery1_11_com01 v_LightArtillery1_11_com02],[v_LightArtillery1_11_com01 v_LightArtillery1_11_com02 v_LightArtillery1_11_spe01],[],[LightArtillery1HeroEp11Attack],All
LightArtillery1HeroUpgradeEp12,LightArtillery1Hero,"""Unit""",12,2200,13,270,13,3,0,0,0,0,0,0,0,0,0,0,tx_utn_LightArt1_e11_name,tx_utn_LightArt1_e11_pname,LightArtillery1Hero_12,,icon_unit_fieldartillery,[0 0 0 0],0,0,vtt_unit_fieldartillery,[v_LightArtillery1_11_sel01],[v_LightArtillery1_11_com01 v_LightArtillery1_11_com02],[v_LightArtillery1_11_com01 v_LightArtillery1_11_com02 v_LightArtillery1_11_spe01],[],[LightArtillery1HeroEp12Attack],All
LightArtillery1HeroUpgradeEp13,LightArtillery1Hero,"""Unit""",13,3000,15,400,15,3,0,0,0,0,0,0,0,0,0,0,tx_utn_LightArt1_e13_name,tx_utn_LightArt1_e13_pname,LightArtillery1Hero_13,,icon_unit_mobilerocketlauncher,[0 0 0 0],0,0,vtt_unit_mobilerocketlauncher,[v_LightArtillery1_13_sel01],[v_LightArtillery1_13_com01 v_LightArtillery1_13_com02],[v_LightArtillery1_13_com01 v_LightArtillery1_13_com02 v_LightArtillery1_13_spe01],[],[LightArtillery1HeroEp13Attack],All
LightArtillery1HeroUpgradeEp15,LightArtillery1Hero,"""Unit""",15,3700,16,450,16,3,0,0,0,0,0,0,0,0,0,0,tx_utn_LightArt1_e15_name,tx_utn_LightArt1_e15_pname,LightArtillery1Hero_15,,icon_unit_fusioncaster,[0 0 0 0],0,0,vtt_unit_fusioncaster,[v_LightArtillery1_15_sel01],[v_LightArtillery1_15_com01 v_LightArtillery1_15_com02],[v_LightArtillery1_15_com01 v_LightArtillery1_15_com02 v_LightArtillery1_15_spe01],[],[LightArtillery1HeroEp15Attack],All

// light artillery 2 hero,,,,,,,,,,,,,,,,,,,,,,,,,,,,,,,,,
LightArtillery2HeroUpgradeEp1,LightArtillery2Hero,"""Unit""",1,360,12,43,11,0.5,0,0,0,0,0,0,0,0,0,0,tx_utn_LightArt2_e11_name,tx_utn_LightArt2_e11_pname,LightArtillery2Hero_11,,icon_unit_aahalftrack,[0 0 0 0],0,0,vtt_unit_AAHalfTrack,[v_LightArtillery2_11_sel01],[v_LightArtillery2_11_com01 v_LightArtillery2_11_com02],[v_LightArtillery2_11_com01 v_LightArtillery2_11_com02 v_LightArtillery2_11_spe01],[],[LightArtillery2HeroEp11Attack],All
LightArtillery2HeroUpgradeEp11,LightArtillery2Hero,"""Unit""",11,1360,12,80,11,0.5,0,0,0,0,0,0,0,0,0,0,tx_utn_LightArt2_e11_name,tx_utn_LightArt2_e11_pname,LightArtillery2Hero_11,,icon_unit_aahalftrack,[0 0 0 0],0,0,vtt_unit_AAHalfTrack,[v_LightArtillery2_11_sel01],[v_LightArtillery2_11_com01 v_LightArtillery2_11_com02],[v_LightArtillery2_11_com01 v_LightArtillery2_11_com02 v_LightArtillery2_11_spe01],[],[LightArtillery2HeroEp11Attack],All
LightArtillery2HeroUpgradeEp13,LightArtillery2Hero,"""Unit""",13,2305,15,602,15,3,0,0,0,0,0,0,0,0,0,0,tx_utn_LightArt2_e13_name,tx_utn_LightArt2_e13_pname,LightArtillery2Hero_13,,icon_unit_stingerhumvee,[0 0 0 0],0,0,vtt_unit_stingerhumvee,[v_LightArtillery2_13_sel01],[v_LightArtillery2_13_com01 v_LightArtillery2_13_com02],[v_LightArtillery2_13_com01 v_LightArtillery2_13_com02 v_LightArtillery2_13_spe01],[],[LightArtillery2HeroEp13Attack],All
LightArtillery2HeroUpgradeEp15,LightArtillery2Hero,"""Unit""",15,2760,20,734,20,2,0,0,0,0,0,0,0,0,0,0,tx_utn_LightArt2_e15_name,tx_utn_LightArt2_e15_pname,LightArtillery2Hero_15,,icon_unit_PaladinPointDefense,[0 0 0 0],0,0,vtt_unit_PaladinPointDefense,[v_LightArtillery2_15_sel01],[v_LightArtillery2_15_com01 v_LightArtillery2_15_com02],[v_LightArtillery2_15_com01 v_LightArtillery2_15_com02 v_LightArtillery2_15_spe01],[],[LightArtillery2HeroEp15Attack],All

// heavy artillery hero,,,,,,,,,,,,,,,,,,,,,,,,,,,,,,,,,
HeavyArtilleryHeroUpgradeEp1,HeavyArtilleryHero,"""Unit""",1,215,6,128,7,8,0,0,0,0,0,0,0,0,0,0,tx_utn_heavyArt2_name,tx_utn_heavyArt2_pname,HeavyArtilleryHero_02,,icon_unit_onager,[0 0 0 0],0,0,vtt_unit_Onager,[v_HeavyArtillery_02_sel01],[v_HeavyArtillery_02_com01 v_HeavyArtillery_02_com02],[v_HeavyArtillery_02_com01 v_HeavyArtillery_02_com02 v_HeavyArtillery_02_spe01],[],[HeavyArtilleryHeroEp2Attack],All
HeavyArtilleryHeroUpgradeEp2,HeavyArtilleryHero,"""Unit""",2,215,6,128,7,8,0,0,0,0,0,0,0,0,0,0,tx_utn_heavyArt2_name,tx_utn_heavyArt2_pname,HeavyArtilleryHero_02,,icon_unit_onager,[0 0 0 0],0,0,vtt_unit_Onager,[v_HeavyArtillery_02_sel01],[v_HeavyArtillery_02_com01 v_HeavyArtillery_02_com02],[v_HeavyArtillery_02_com01 v_HeavyArtillery_02_com02 v_HeavyArtillery_02_spe01],[],[HeavyArtilleryHeroEp2Attack],All
HeavyArtilleryHeroUpgradeEp4,HeavyArtilleryHero,"""Unit""",4,240,7,155,9,8,0,0,0,0,0,0,0,0,0,0,tx_utn_heavyArt4_name,tx_utn_heavyArt4_pname,HeavyArtilleryHero_04,,icon_unit_catapult,[0 0 0 0],0,0,vtt_unit_Catapult,[v_HeavyArtillery_04_sel01],[v_HeavyArtillery_04_com01 v_HeavyArtillery_04_com02],[v_HeavyArtillery_04_com01 v_HeavyArtillery_04_com02 v_HeavyArtillery_04_spe01],[],[HeavyArtilleryHeroEp4Attack],All
HeavyArtilleryHeroUpgradeEp6,HeavyArtilleryHero,"""Unit""",6,260,7,168,10,8,0,0,0,0,0,0,0,0,0,0,tx_utn_heavyArt6_name,tx_utn_heavyArt6_pname,HeavyArtilleryHero_06,,icon_unit_trebuchet,[0 0 0 0],0,0,vtt_unit_Trebuchet,[v_HeavyArtillery_06_sel01],[v_HeavyArtillery_06_com01 v_HeavyArtillery_06_com02],[v_HeavyArtillery_06_com01 v_HeavyArtillery_06_com02 v_HeavyArtillery_06_spe01],[],[HeavyArtilleryHeroEp6Attack],All
HeavyArtilleryHeroUpgradeEp8,HeavyArtilleryHero,"""Unit""",8,280,8,192,11,8,0,0,0,0,0,0,0,0,0,0,tx_utn_heavyArt8_name,tx_utn_heavyArt8_pname,HeavyArtilleryHero_08,,icon_unit_BombardCannon,[0 0 0 0],0,0,vtt_unit_BombardCannon,[v_HeavyArtillery_08_sel01],[v_HeavyArtillery_08_com01 v_HeavyArtillery_08_com02],[v_HeavyArtillery_08_com01 v_HeavyArtillery_08_com02 v_HeavyArtillery_08_spe01],[],[HeavyArtilleryHeroEp8Attack],All
HeavyArtilleryHeroUpgradeEp10,HeavyArtilleryHero,"""Unit""",10,1015,9,213,12,8,0,0,0,0,0,0,0,0,0,0,tx_utn_heavyArt10_name,tx_utn_heavyArt10_pname,HeavyArtilleryHero_10,,icon_unit_SiegeGun,[0 0 0 0],0,0,vtt_unit_SiegeGun,[v_HeavyArtillery_10_sel01],[v_HeavyArtillery_10_com01 v_HeavyArtillery_10_com02],[v_HeavyArtillery_10_com01 v_HeavyArtillery_10_com02 v_HeavyArtillery_10_spe01],[],[HeavyArtilleryHeroEp10Attack],All
HeavyArtilleryHeroUpgradeEp11,HeavyArtilleryHero,"""Unit""",11,1115,9,253,14,8,0,0,0,0,0,0,0,0,0,0,tx_utn_heavyArt10_name,tx_utn_heavyArt10_pname,HeavyArtilleryHero_11,,icon_unit_Howitzer11,[0 0 0 0],0,0,vtt_unit_SiegeGun,[v_HeavyArtillery_10_sel01],[v_HeavyArtillery_10_com01 v_HeavyArtillery_10_com02],[v_HeavyArtillery_10_com01 v_HeavyArtillery_10_com02 v_HeavyArtillery_10_spe01],[],[HeavyArtilleryHeroEp12Attack],All
HeavyArtilleryHeroUpgradeEp12,HeavyArtilleryHero,"""Unit""",12,1330,16,300,16,8,0,0,0,0,0,0,0,0,0,0,tx_utn_heavyArt12_name,tx_utn_heavyArt12_pname,HeavyArtilleryHero_12,,icon_unit_selfpropelled,[0 0 0 0],0,0,vtt_unit_SelfPropelledArtillery,[v_HeavyArtillery_12_sel01],[v_HeavyArtillery_12_com01 v_HeavyArtillery_12_com02],[v_HeavyArtillery_12_com01 v_HeavyArtillery_12_com02 v_HeavyArtillery_12_spe01],[],[HeavyArtilleryHeroEp12Attack],All
HeavyArtilleryHeroUpgradeEp13,HeavyArtilleryHero,"""Unit""",13,2230,18,450,18,8,0,0,0,0,0,0,0,0,0,0,tx_utn_heavyArt14_name,tx_utn_heavyArt14_pname,HeavyArtilleryHero_13,,icon_unit_Howitzer109,[0 0 0 0],0,0,vtt_unit_SelfPropelledArtillery,[v_HeavyArtillery_12_sel01],[v_HeavyArtillery_12_com01 v_HeavyArtillery_12_com02],[v_HeavyArtillery_12_com01 v_HeavyArtillery_12_com02 v_HeavyArtillery_12_spe01],[],[HeavyArtilleryHeroEp14Attack],All
HeavyArtilleryHeroUpgradeEp14,HeavyArtilleryHero,"""Unit""",14,2560,19,700,19,8,0,0,0,0,0,0,0,0,0,0,tx_utn_heavyArt14_name,tx_utn_heavyArt14_pname,HeavyArtilleryHero_14,,icon_unit_Howitzer109,[0 0 0 0],0,0,vtt_unit_NetFireLauncher,[v_HeavyArtillery_14_sel01],[v_HeavyArtillery_14_com01 v_HeavyArtillery_14_com02],[v_HeavyArtillery_14_com01 v_HeavyArtillery_14_com02 v_HeavyArtillery_14_spe01],[],[HeavyArtilleryHeroEp14Attack],All
HeavyArtilleryHeroUpgradeEp15,HeavyArtilleryHero,"""Unit""",15,3060,20,800,20,8,0,0,0,0,0,0,0,0,0,0,tx_utn_heavyArt14_name,tx_utn_heavyArt14_pname,HeavyArtilleryHero_15,,icon_unit_ArmorySiegeTank,[0 0 0 0],0,0,vtt_unit_NetFireLauncher,[v_HeavyArtillery_14_sel01],[v_HeavyArtillery_14_com01 v_HeavyArtillery_14_com02],[v_HeavyArtillery_14_com01 v_HeavyArtillery_14_com02 v_HeavyArtillery_14_spe01],[],[HeavyArtilleryHeroEp14Attack],All

// light tank hero,,,,,,,,,,,,,,,,,,,,,,,,,,,,,,,,,
LightTankHeroUpgradeEp1,LightTankHero,"""Unit""",1,360,11,37,10,3.5,0,0,0,0,0,0,0,0,0,0,tx_utn_LightMnt1_e11_name,tx_utn_LightMnt1_e11_pname,LightTankHero_11,,icon_unit_GunTank,[0 0 0 0],0,0,vtt_unit_GunTank,[v_LightMounted1_11_sel01],[v_LightMounted1_11_com01 v_LightMounted1_11_com02],[v_LightMounted1_11_com01 v_LightMounted1_11_com02 v_LightMounted1_11_spe01],[],[LightTankHeroEp11Attack],All
LightTankHeroUpgradeEp11,LightTankHero,"""Unit""",11,1700,11,22,10,0.3,0,0,0,0,0,0,0,0,0,0,tx_utn_LightMnt1_e11_name,tx_utn_LightMnt1_e11_pname,LightTankHero_11,,icon_unit_GunTank,[0 0 0 0],0,0,vtt_unit_GunTank,[v_LightMounted1_11_sel01],[v_LightMounted1_11_com01 v_LightMounted1_11_com02],[v_LightMounted1_11_com01 v_LightMounted1_11_com02 v_LightMounted1_11_spe01],[],[LightTankHeroEp11Attack],All
LightTankHeroUpgradeEp12,LightTankHero,"""Unit""",12,1900,12,27,12,0.3,0,0,0,0,0,0,0,0,0,0,tx_utn_LightMnt1_e12_name,tx_utn_LightMnt1_e12_pname,LightTankHero_12,,icon_unit_TankDestroyer,[0 0 0 0],0,0,vtt_unit_TankDestroyer,[v_LightMounted1_12_sel01],[v_LightMounted1_12_com01 v_LightMounted1_12_com02],[v_LightMounted1_12_com01 v_LightMounted1_12_com02 v_LightMounted1_12_spe01],[],[LightTankHeroEp12Attack],All
LightTankHeroUpgradeEp13,LightTankHero,"""Unit""",13,2300,14,45,14,0.2,0,0,0,0,0,0,0,0,0,0,tx_utn_LightMnt1_e13_name,tx_utn_LightMnt1_e13_pname,LightTankHero_13,,icon_unit_RPGStriker,[0 0 0 0],0,0,vtt_unit_RPGStriker,[v_LightMounted1_13_sel01],[v_LightMounted1_13_com01 v_LightMounted1_13_com02],[v_LightMounted1_13_com01 v_LightMounted1_13_com02 v_LightMounted1_13_spe01],[],[LightTankHeroEp13Attack],All
LightTankHeroUpgradeEp15,LightTankHero,"""Unit""",15,2500,15,55,15,0.2,0,0,0,0,0,0,0,0,0,0,tx_utn_LightMnt1_e15_name,tx_utn_LightMnt1_e15_pname,LightTankHero_15,,icon_unit_SciFiAPC,[0 0 0 0],0,0,vtt_unit_DisruptorMediumTank,[v_LightMounted1_15_sel01],[v_LightMounted1_15_com01 v_LightMounted1_15_com02],[v_LightMounted1_15_com01 v_LightMounted1_15_com02 v_LightMounted1_15_spe01],[],[LightTankHeroEp15Attack],All

// heavy tank hero,,,,,,,,,,,,,,,,,,,,,,,,,,,,,,,,,
HeavyTankHeroUpgradeEp1,HeavyTankHero,"""Unit""",1,1550,11,125,9,3,0,0,0,0,0,0,0,0,0,0,tx_utn_HvyMntd1_e11,tx_utn_HvyMntd1_e11_pname,HeavyTankHero_11,,icon_unit_MachinegunTank,[0 0 0 0],0,0,vtt_unit_MachinegunTank,[v_HeavyMounted1_11_sel01],[v_HeavyMounted1_11_com01 v_HeavyMounted1_11_com02 v_HeavyMounted1_11_spe01],[v_HeavyMounted1_11_com01 v_HeavyMounted1_11_com02 v_HeavyMounted1_11_spe01],[],[HeavyTankHeroEp11Attack],All
HeavyTankHeroUpgradeEp11,HeavyTankHero,"""Unit""",11,2000,11,150,10,3,0,0,0,0,0,0,0,0,0,0,tx_utn_HvyMntd1_e11,tx_utn_HvyMntd1_e11_pname,HeavyTankHero_11,,icon_unit_MachinegunTank,[0 0 0 0],0,0,vtt_unit_MachinegunTank,[v_HeavyMounted1_11_sel01],[v_HeavyMounted1_11_com01 v_HeavyMounted1_11_com02 v_HeavyMounted1_11_spe01],[v_HeavyMounted1_11_com01 v_HeavyMounted1_11_com02 v_HeavyMounted1_11_spe01],[],[HeavyTankHeroEp11Attack],All
HeavyTankHeroUpgradeEp12,HeavyTankHero,"""Unit""",12,3000,13,210,13,3,0,0,0,0,0,0,0,0,0,0,tx_utn_HvyMntd1_e12,tx_utn_HvyMntd1_e12_pname,HeavyTankHero_12,,icon_unit_assaulttank,[0 0 0 0],0,0,vtt_unit_AssaultTank,[v_HeavyMounted1_12_sel01],[v_HeavyMounted1_12_com01 v_HeavyMounted1_12_com02 v_HeavyMounted1_12_spe01],[v_HeavyMounted1_12_com01 v_HeavyMounted1_12_com02 v_HeavyMounted1_12_spe01],[],[HeavyTankHeroEp12Attack],All
HeavyTankHeroUpgradeEp13,HeavyTankHero,"""Unit""",13,4000,16,350,16,3,0,0,0,0,0,0,0,0,0,0,tx_utn_HvyMntd1_e13,tx_utn_HvyMntd1_e13_pname,HeavyTankHero_13,,icon_unit_MainBattleTank,[0 0 0 0],0,0,vtt_unit_MainBattleTank,[v_HeavyMounted1_15_sel01],[v_HeavyMounted1_15_com01 v_HeavyMounted1_15_com02 v_HeavyMounted1_15_spe01],[v_HeavyMounted1_15_com01 v_HeavyMounted1_15_com02 v_HeavyMounted1_15_spe01],[],[HeavyTankHeroEp13Attack],All
HeavyTankHeroUpgradeEp14,HeavyTankHero,"""Unit""",14,5000,16,400,16,3,0,0,0,0,0,0,0,0,0,0,tx_utn_HvyMntd1_e13,tx_utn_HvyMntd1_e13_pname,HeavyTankHero_14,,icon_unit_MainBattleTank,[0 0 0 0],0,0,vtt_unit_MainBattleTank,[v_HeavyMounted1_15_sel01],[v_HeavyMounted1_15_com01 v_HeavyMounted1_15_com02 v_HeavyMounted1_15_spe01],[v_HeavyMounted1_15_com01 v_HeavyMounted1_15_com02 v_HeavyMounted1_15_spe01],[],[HeavyTankHeroEp13Attack],All
HeavyTankHeroUpgradeEp15,HeavyTankHero,"""Unit""",15,6500,17,500,17,3,0,0,0,0,0,0,0,0,0,0,tx_utn_HvyMntd1_e15,tx_utn_HvyMntd1_e15_pname,HeavyTankHero_15,,icon_unit_MyrmidonTank,[0 0 0 0],0,0,vtt_unit_MyrmidonTank,[v_HeavyMounted1_15_sel01],[v_HeavyMounted1_15_com01 v_HeavyMounted1_15_com02 v_HeavyMounted1_15_spe01],[v_HeavyMounted1_15_com01 v_HeavyMounted1_15_com02 v_HeavyMounted1_15_spe01],[],[HeavyTankHeroEp15Attack HeavyTankHeroEp15Move],All

// light herc hero,,,,,,,,,,,,,,,,,,,,,,,,,,,,,,,,,
LightHercHeroUpgradeEp1,LightHercHero,"""Unit""",1,800,11,64,10,3.5,0,0,0,0,0,0,0,0,0,0,tx_utn_LightMnt3_e14_name,tx_utn_LightMnt3_e14_pname,LightHercHero,,icon_unit_4leg_mech,[0 0 0 0],0,0,vtt_unit_TalonLightHERC,[v_HeavyInfantry1_15_sel01],[v_HeavyInfantry1_15_spe01 v_HeavyInfantry1_15_com01 v_HeavyInfantry1_15_com02],[v_HeavyInfantry1_15_spe01 v_HeavyInfantry1_15_com01 v_HeavyInfantry1_15_com02],[],[LightHercHeroEp14Attack],All
LightHercHeroUpgradeEp15,LightHercHero,"""Unit""",15,4200,16,420,16,3.5,0,0,0,0,0,0,0,0,0,0,tx_utn_LightMnt3_e14_name,tx_utn_LightMnt3_e14_pname,LightHercHero,,icon_unit_4leg_mech,[0 0 0 0],0,0,vtt_unit_TalonLightHERC,[v_HeavyInfantry1_15_sel01],[v_HeavyInfantry1_15_spe01 v_HeavyInfantry1_15_com01 v_HeavyInfantry1_15_com02],[v_HeavyInfantry1_15_spe01 v_HeavyInfantry1_15_com01 v_HeavyInfantry1_15_com02],[],[LightHercHeroEp14Attack],All

// heavy herc hero,,,,,,,,,,,,,,,,,,,,,,,,,,,,,,,,,
HeavyHercHeroUpgradeEp1,HeavyHercHero,"""Unit""",1,720,11,80,10,3,0,0,0,0,0,0,0,0,0,0,tx_utn_HvyMntd3_e14,tx_utn_HvyMntd3_e14_pname,HeavyHercHero,,icon_unit_2leg_mech,[0 0 0 0],0,0,vtt_unit_MinotaurHeavyHERC,[v_HeavyMounted3_14_sel01],[v_HeavyMounted3_14_com01 v_HeavyMounted3_14_com02],[v_HeavyMounted3_14_com01 v_HeavyMounted3_14_com02 v_HeavyMounted3_14_spe01],[],[HeavyHercHeroEp14Attack],All
HeavyHercHeroUpgradeEp15,HeavyHercHero,"""Unit""",15,4600,16,460,16,3,0,0,0,0,0,0,0,0,0,0,tx_utn_HvyMntd3_e14,tx_utn_HvyMntd3_e14_pname,HeavyHercHero,,icon_unit_2leg_mech,[0 0 0 0],0,0,vtt_unit_MinotaurHeavyHERC,[v_HeavyMounted3_14_sel01],[v_HeavyMounted3_14_com01 v_HeavyMounted3_14_com02],[v_HeavyMounted3_14_com01 v_HeavyMounted3_14_com02 v_HeavyMounted3_14_spe01],[],[HeavyHercHeroEp14Attack],All

// light helicopter hero,,,,,,,,,,,,,,,,,,,,,,,,,,,,,,,,,
LightHeliHeroUpgradeEp1,LightHelicopterHero,"""Unit""",1,240,10,96,9,2,0,0,0,0,0,0,0,0,0,0,tx_utn_LightMnt2_e13_name,tx_utn_LightMnt2_e13_pname,LightHelicopterHero_13,,icon_unit_MissileHelicopter,[0 0 0 0],0,0,vtt_unit_MissileHelicopter,[v_LightMounted2_13_sel01],[v_LightMounted2_13_com01 v_LightMounted2_13_com02],[v_LightMounted2_13_com01 v_LightMounted2_13_com02 v_LightMounted2_13_spe01],[],[LightHeliHeroEp13Attack],All
LightHeliHeroUpgradeEp13,LightHelicopterHero,"""Unit""",13,2400,15,550,15,2,0,0,0,0,0,0,0,0,0,0,tx_utn_LightMnt2_e13_name,tx_utn_LightMnt2_e13_pname,LightHelicopterHero_13,,icon_unit_MissileHelicopter,[0 0 0 0],0,0,vtt_unit_MissileHelicopter,[v_LightMounted2_13_sel01],[v_LightMounted2_13_com01 v_LightMounted2_13_com02],[v_LightMounted2_13_com01 v_LightMounted2_13_com02 v_LightMounted2_13_spe01],[],[LightHeliHeroEp13Attack],All
LightHeliHeroUpgradeEp14,LightHelicopterHero,"""Unit""",14,2600,16,650,16,2,0,0,0,0,0,0,0,0,0,0,tx_utn_LightMnt2_e13_name,tx_utn_LightMnt2_e13_pname,LightHelicopterHero_14,,icon_unit_MissileHelicopter,[0 0 0 0],0,0,vtt_unit_MissileHelicopter,[v_LightMounted2_13_sel01],[v_LightMounted2_13_com01 v_LightMounted2_13_com02],[v_LightMounted2_13_com01 v_LightMounted2_13_com02 v_LightMounted2_13_spe01],[],[LightHeliHeroEp13Attack],All
LightHeliHeroUpgradeEp15,LightHelicopterHero,"""Unit""",15,2800,17,750,17,2,0,0,0,0,0,0,0,0,0,0,tx_utn_LightMnt2_e15_name,tx_utn_LightMnt2_e15_pname,LightHelicopterHero_15,,icon_unit_HMissileHelicopter,[0 0 0 0],0,0,vtt_unit_HeavyMissileHelicopter,[v_LightMounted2_15_sel01],[v_LightMounted2_15_com01 v_LightMounted2_15_com02],[v_LightMounted2_15_com01 v_LightMounted2_15_com02 v_LightMounted2_15_spe01],[],[LightHeliHeroEp15Attack],All

// heavy helicopter hero,,,,,,,,,,,,,,,,,,,,,,,,,,,,,,,,,
HeavyHeliHeroUpgradeEp1,HeavyHelicopterHero,"""Unit""",1,280,10,24,9,0.5,0,0,0,0,0,0,0,0,0,0,tx_utn_HvyMntd2_e13,tx_utn_HvyMntd2_e13_pname,HeavyHelicopterHero_13,,icon_unit_GunHelicopter,[0 0 0 0],0,0,vtt_unit_GunHelicopter,[v_HeavyMounted2_13_sel01],[v_HeavyMounted2_13_com01 v_HeavyMounted2_13_com02],[v_HeavyMounted2_13_com01 v_HeavyMounted2_13_com02 v_HeavyMounted2_13_spe01],[],[HeavyHeliHeroEp13Attack],All
HeavyHeliHeroUpgradeEp13,HeavyHelicopterHero,"""Unit""",13,2300,14,80,14,0.2,0,0,0,0,0,0,0,0,0,0,tx_utn_HvyMntd2_e13,tx_utn_HvyMntd2_e13_pname,HeavyHelicopterHero_13,,icon_unit_GunHelicopter,[0 0 0 0],0,0,vtt_unit_GunHelicopter,[v_HeavyMounted2_13_sel01],[v_HeavyMounted2_13_com01 v_HeavyMounted2_13_com02],[v_HeavyMounted2_13_com01 v_HeavyMounted2_13_com02 v_HeavyMounted2_13_spe01],[],[HeavyHeliHeroEp13Attack],All
HeavyHeliHeroUpgradeEp14,HeavyHelicopterHero,"""Unit""",14,2500,15,90,15,0.2,0,0,0,0,0,0,0,0,0,0,tx_utn_HvyMntd2_e13,tx_utn_HvyMntd2_e13_pname,HeavyHelicopterHero_14,,icon_unit_GunHelicopter,[0 0 0 0],0,0,vtt_unit_GunHelicopter,[v_HeavyMounted2_13_sel01],[v_HeavyMounted2_13_com01 v_HeavyMounted2_13_com02],[v_HeavyMounted2_13_com01 v_HeavyMounted2_13_com02 v_HeavyMounted2_13_spe01],[],[HeavyHeliHeroEp13Attack],All
HeavyHeliHeroUpgradeEp15,HeavyHelicopterHero,"""Unit""",15,2700,16,100,16,0.2,0,0,0,0,0,0,0,0,0,0,tx_utn_HvyMntd2_e15,tx_utn_HvyMntd2_e15_pname,HeavyHelicopterHero_15,,icon_unit_HGunHelicopter,[0 0 0 0],0,0,vtt_unit_HeavyGunHelicopter,[v_HeavyMounted2_15_sel01],[v_HeavyMounted2_15_com01 v_HeavyMounted2_15_com02],[v_HeavyMounted2_15_com01 v_HeavyMounted2_15_com02 v_HeavyMounted2_15_spe01],[],[HeavyHeliHeroEp15Attack],All

// unique unit heroes,,,,,,,,,,,,,,,,,,,,,,,,,,,,,,,,,
UU_Greek1HeroUpgradeEp1,UniqueUnitGreek1Hero,"""Unit""",1,190,5,14,0.8,1,0,0,0,0,0,0,0,0,0,0,tx_utn_UUGreek1_name,tx_utn_UUGreek1_pname,UniqueUnitGreek1Hero,,icon_unit_UUGreek1,[0 0 0 0],0,0,vtt_unit_UUGreek1,[v_HeavyInfantry2_02_sel01],[v_HeavyInfantry2_02_com01 v_HeavyInfantry2_02_com02 v_HeavyInfantry2_02_spe01],[v_HeavyInfantry2_02_com01 v_HeavyInfantry2_02_com02 v_HeavyInfantry2_02_spe01],[],[],Greek
UU_Greek2HeroUpgradeEp6,UniqueUnitGreek2Hero,"""Unit""",6,175,5,10,1,1,0,0,0,0,0,0,0,0,0,0,tx_utn_UUGreek2_name,tx_utn_UUGreek2_pname,UniqueUnitGreek2Hero,,icon_unit_UUGreek2,[0 0 0 0],0,0,vtt_unit_UUGreek2,[v_HeavyMounted1_08_sel01],[v_HeavyMounted1_08_com01 v_HeavyMounted1_08_com02 v_HeavyMounted1_08_spe01],[v_HeavyMounted1_08_com01 v_HeavyMounted1_08_com02 v_HeavyMounted1_08_spe01],[],[],Greek
UU_Greek3HeroUpgradeEp11,UniqueUnitGreek3Hero,"""Unit""",11,390,8,4,7,0.2,0,0,0,0,0,0,0,0,0,0,tx_utn_UUGreek3_name,tx_utn_UUGreek3_pname,UniqueUnitGreek3Hero,,icon_unit_UUGreek3,[0 0 0 0],0,0,vtt_unit_UUGreek3,[v_HeavyInfantry2_11_sel01],[v_HeavyInfantry2_11_com01 v_HeavyInfantry2_11_com02 v_HeavyInfantry2_11_spe01],[v_HeavyInfantry2_11_spe01],[],[],Greek
UU_Roman1HeroUpgradeEp1,UniqueUnitRoman1Hero,"""Unit""",1,140,5,13,0.8,1.5,0,0,0,0,0,0,0,0,0,0,tx_utn_UURoman1_name,tx_utn_UURoman1_pname,UniqueUnitRoman1Hero,,icon_unit_UURoman1,[0 0 0 0],0,0,vtt_unit_UURoman1,[v_HeavyInfantry1_03_sel01],[v_HeavyInfantry1_03_spe01 v_HeavyInfantry1_03_com01 v_HeavyInfantry1_03_com02],[v_HeavyInfantry1_03_spe01 v_HeavyInfantry1_03_com01 v_HeavyInfantry1_03_com02],[],[],Roman
UU_Roman2HeroUpgradeEp6,UniqueUnitRoman2Hero,"""Unit""",6,205,5,13,0.8,1,0,0,0,0,0,0,0,0,0,0,tx_utn_UURoman2_name,tx_utn_UURoman2_pname,UniqueUnitRoman2Hero,,icon_unit_UURoman2,[0 0 0 0],0,0,vtt_unit_UURoman2,[v_HeavyInfantry2_05_sel01],[v_HeavyInfantry2_05_com01 v_HeavyInfantry2_05_com02 v_HeavyInfantry2_05_spe01],[v_HeavyInfantry2_05_com01 v_HeavyInfantry2_05_com02 v_HeavyInfantry2_05_spe01],[],[],Roman
UU_Roman3HeroUpgradeEp11,UniqueUnitRoman3Hero,"""Unit""",11,345,8,16,6,1.5,0,0,0,0,0,0,0,0,0,0,tx_utn_UURoman3_name,tx_utn_UURoman3_pname,UniqueUnitRoman3Hero,,icon_unit_UURoman3,[0 0 0 0],0,0,vtt_unit_UURoman3,[v_HeavyInfantry1_11_sel01],[v_HeavyInfantry1_11_com01 v_HeavyInfantry1_11_com02 v_HeavyInfantry1_11_spe01],[v_HeavyInfantry1_11_com01 v_HeavyInfantry1_11_com02 v_HeavyInfantry1_11_spe01],[],[],Roman
UU_English2HeroUpgradeEp6,UniqueUnitEnglish2Hero,"""Unit""",6,225,5,29,1,1,0,0,0,0,0,0,0,0,0,0,tx_utn_UUEnglish2_name,tx_utn_UUEnglish2_pname,UniqueUnitEnglish2Hero,,icon_unit_UUEnglish2,[0 0 0 0],0,0,vtt_unit_UUEnglish2,[v_HeavyMounted1_08_sel01],[v_HeavyMounted1_08_com01 v_HeavyMounted1_08_com02 v_HeavyMounted1_08_spe01],[v_HeavyMounted1_08_com01 v_HeavyMounted1_08_com02 v_HeavyMounted1_08_spe01],[],[],English
UU_American2HeroUpgradeEp6,UniqueUnitAmerican2Hero,"""Unit""",6,210,8,21,7,2.5,0,0,0,0,0,0,0,0,0,0,tx_utn_UUAmerican2_name,tx_utn_UUAmerican2_pname,UniqueUnitAmerican2Hero,,icon_unit_UUAmerican2,[0 0 0 0],0,0,vtt_unit_UUAmerican2,[v_HeavyInfantry1_09_sel01],[v_HeavyInfantry1_09_spe01 v_HeavyInfantry1_09_com01 v_HeavyInfantry1_09_com02],[v_HeavyInfantry1_09_spe01 v_HeavyInfantry1_09_spe01 v_HeavyInfantry1_09_com01 v_HeavyInfantry1_09_com02],[],[],American
UU_American3HeroUpgradeEp14,UniqueUnitAmerican3Hero,"""Unit""",14,4600,15,360,15,3,0,0,0,0,0,0,0,0,0,0,tx_utn_MBT_M10_name,tx_utn_MBT_M10_pname,UniqueUnitAmerican3Hero,,icon_unit_MBT_M10,[0 0 0 0],0,0,vtt_unit_MBT_M10,[v_LightMounted1_12_sel01],[v_LightMounted1_12_com01 v_LightMounted1_12_com02],[v_LightMounted1_12_com01 v_LightMounted1_12_com02 v_LightMounted1_12_spe01],[],[],American
UU_American3HeroUpgradeEp15,UniqueUnitAmerican3Hero,"""Unit""",15,5500,16,460,16,3,0,0,0,0,0,0,0,0,0,0,tx_utn_M10ESP_name,tx_utn_M10ESP_pname,UniqueUnitAmerican4Hero,,icon_unit_MBT_M10,[0 0 0 0],0,0,vtt_unit_M10ESP,[v_LightMounted1_12_sel01],[v_LightMounted1_12_com01 v_LightMounted1_12_com02],[v_LightMounted1_12_com01 v_LightMounted1_12_com02 v_LightMounted1_12_spe01],[],[],American
UU_German1HeroUpgradeEp1,UniqueUnitGerman1Hero,"""Unit""",1,150,5,11,0.8,1.5,0,0,0,0,0,0,0,0,0,0,tx_utn_UUGerman1_name,tx_utn_UUGerman1_pname,UniqueUnitGerman1Hero,,icon_unit_UUGerman1,[0 0 0 0],0,0,vtt_unit_UUGerman1,[v_HeavyInfantry1_03_sel01],[v_HeavyInfantry1_03_spe01 v_HeavyInfantry1_03_com01 v_HeavyInfantry1_03_com02],[v_HeavyInfantry1_03_spe01 v_HeavyInfantry1_03_com01 v_HeavyInfantry1_03_com02],[],[],German
UU_German2HeroUpgradeEp6,UniqueUnitGerman2Hero,"""Unit""",6,215,5,21,1,1,0,0,0,0,0,0,0,0,0,0,tx_utn_UUGerman2_name,tx_utn_UUGerman2_pname,UniqueUnitGerman2Hero,,icon_unit_UUGerman2,[0 0 0 0],0,0,vtt_unit_UUGerman2,[v_HeavyMounted1_06_sel01],[v_HeavyMounted1_06_com01 v_HeavyMounted1_06_com02 v_HeavyMounted1_06_spe01],[v_HeavyMounted1_06_com01 v_HeavyMounted1_06_com02 v_HeavyMounted1_06_spe01],[],[],German
UU_German3HeroUpgradeEp12,UniqueUnitGerman3Hero,"""Unit""",12,3500,16,300,16,3,0,0,0,0,0,0,0,0,0,0,tx_utn_UUGerman3_name,tx_utn_UUGerman3_pname,UniqueUnitGerman3Hero,,icon_unit_UUGerman3,[0 0 0 0],0,0,vtt_unit_UUGerman3,[v_HeavyMounted1_12_sel01],[v_HeavyMounted1_12_com01 v_HeavyMounted1_12_com02 v_HeavyMounted1_12_spe01],[v_HeavyMounted1_12_com01 v_HeavyMounted1_12_com02 v_HeavyMounted1_12_spe01],[],[],German
UU_Egyptian1HeroUpgradeEp1,UniqueUnitEgyptian1Hero,"""Unit""",1,210,5,14,4,1,0,0,0,0,0,0,0,0,0,0,tx_utn_UUEgyptian1_name,tx_utn_UUEgyptian1_pname,UniqueUnitEgyptian1Hero,,icon_unit_UUEgyptian1,[0 0 0 0],0,0,vtt_unit_UUEgyptian1,[v_HeavyMounted1_06_sel01],[v_HeavyMounted1_06_com01 v_HeavyMounted1_06_com02 v_HeavyMounted1_06_spe01],[v_HeavyMounted1_06_com01 v_HeavyMounted1_06_com02 v_HeavyMounted1_06_spe01],[],[],Egyptian
UU_Egyptian2HeroUpgradeEp6,UniqueUnitEgyptian2Hero,"""Unit""",6,280,8,16,7,1,0,0,0,0,0,0,0,0,0,0,tx_utn_UUEgyptian2_name,tx_utn_UUEgyptian2_pname,UniqueUnitEgyptian2Hero,,icon_unit_UUEgyptian2,[0 0 0 0],0,0,vtt_unit_UUEgyptian2,[v_HeavyMounted1_08_sel01],[v_HeavyMounted1_08_com01 v_HeavyMounted1_08_com02 v_HeavyMounted1_08_spe01],[v_HeavyMounted1_08_com01 v_HeavyMounted1_08_com02 v_HeavyMounted1_08_spe01],[],[],Egyptian
UU_Egyptian3HeroUpgradeEp11,UniqueUnitEgyptian3Hero,"""Unit""",11,1200,9,51,8,2,0,0,0,0,0,0,0,0,0,0,tx_utn_UUEgyptian3_name,tx_utn_UUEgyptian3_pname,UniqueUnitEgyptian3Hero,,icon_unit_UUEgyptian3,[0 0 0 0],0,0,vtt_unit_UUEgyptian3,[v_LightMounted1_13_sel01],[v_LightMounted1_13_com01 v_LightMounted1_13_com02],[v_LightMounted1_13_com01 v_LightMounted1_13_com02 v_LightMounted1_13_spe01],[],[],Egyptian
UU_Turkish1HeroUpgradeEp1,UniqueUnitTurkish1Hero,"""Unit""",1,265,5,18,1,1,0,0,0,0,0,0,0,0,0,0,tx_utn_UUTurkish1_name,tx_utn_UUTurkish1_pname,UniqueUnitTurkish1Hero,,icon_unit_UUTurkish1,[0 0 0 0],0,0,vtt_unit_UUTurkish1,[v_HeavyMounted1_04_sel01],[v_HeavyMounted1_04_com01 v_HeavyMounted1_04_com02 v_HeavyMounted1_04_spe01],[v_HeavyMounted1_04_com01 v_HeavyMounted1_04_com02 v_HeavyMounted1_04_spe01],[],[],Turkish
UU_Turkish2HeroUpgradeEp6,UniqueUnitTurkish2Hero,"""Unit""",6,205,5,21,7,4,0,0,0,0,0,0,0,0,0,0,tx_utn_UUTurkish2_name,tx_utn_UUTurkish2_pname,UniqueUnitTurkish2Hero,,icon_unit_UUTurkish2,[0 0 0 0],0,0,vtt_unit_UUTurkish2,[v_HeavyInfantry1_07_sel01],[v_HeavyInfantry1_07_spe01 v_HeavyInfantry1_07_com01 v_HeavyInfantry1_07_com02],[v_HeavyInfantry1_07_spe01 v_HeavyInfantry1_07_com01 v_HeavyInfantry1_07_com02],[],[],Turkish
UU_Turkish3HeroUpgradeEp11,UniqueUnitTurkish3Hero,"""Unit""",11,280,8,22,7,0.2,0,0,0,0,0,0,0,0,0,0,tx_utn_UUTurkish3_name,tx_utn_UUTurkish3_pname,UniqueUnitTurkish3Hero,,icon_unit_UUTurkish3,[0 0 0 0],0,0,vtt_unit_UUTurkish3,[v_HeavyInfantry2_11_sel01],[v_HeavyInfantry2_11_com01 v_HeavyInfantry2_11_com02 v_HeavyInfantry2_11_spe01],[v_HeavyInfantry2_11_spe01],[],[],Turkish
UU_Babylonian1HeroUpgradeEp1,UniqueUnitBabylonian1Hero,"""Unit""",1,110,6,14,5,2,0,0,0,0,0,0,0,0,0,0,tx_utn_UUBabylonian1_name,tx_utn_UUBabylonian1_pname,UniqueUnitBabylonian1Hero,,icon_unit_UUBabylonian1,[0 0 0 0],0,0,vtt_unit_UUBabylonian1,[v_LightInfantry_01_sel01],[v_LightInfantry_01_com01 v_LightInfantry_01_com02],[v_LightInfantry_01_com01 v_LightInfantry_01_com02 v_LightInfantry_01_spe01],[],[],Babylonian
UU_Babylonian2HeroUpgradeEp6,UniqueUnitBabylonian2Hero,"""Unit""",6,220,7,32,6,1.6,0,0,0,0,0,0,0,0,0,0,tx_utn_UUBabylonian2_name,tx_utn_UUBabylonian2_pname,UniqueUnitBabylonian2Hero,,icon_unit_UUBabylonian2,[0 0 0 0],0,0,vtt_unit_UUBabylonian2,[v_LightMounted1_10_sel01],[v_LightMounted1_10_com01 v_LightMounted1_10_com02],[v_LightMounted1_10_com01 v_LightMounted1_10_com02 v_LightMounted1_10_spe01],[],[],Babylonian
UU_Babylonian3HeroUpgradeEp11,UniqueUnitBabylonian3Hero,"""Unit""",11,330,9,32,6,1.5,0,0,0,0,0,0,0,0,0,0,tx_utn_UUBabylonian3_name,tx_utn_UUBabylonian3_pname,UniqueUnitBabylonian3Hero,,icon_unit_UUBabylonian3,[0 0 0 0],0,0,vtt_unit_UUBabylonian3,[v_HeavyInfantry1_11_sel01],[v_HeavyInfantry1_11_com01 v_HeavyInfantry1_11_com02 v_HeavyInfantry1_11_spe01],[v_HeavyInfantry1_11_com01 v_HeavyInfantry1_11_com02 v_HeavyInfantry1_11_spe01],[],[],Babylonian
UU_Chinese1HeroUpgradeEp1,UniqueUnitChinese1Hero,"""Unit""",1,105,6,14,5,2,0,0,0,0,0,0,0,0,0,0,tx_utn_UUChinese1_name,tx_utn_UUChinese1_pname,UniqueUnitChinese1Hero,,icon_unit_UUChinese1,[0 0 0 0],0,0,vtt_unit_UUChinese1,[v_LightInfantry_01_sel01],[v_LightInfantry_01_com01 v_LightInfantry_01_com02],[v_LightInfantry_01_com01 v_LightInfantry_01_com02 v_LightInfantry_01_spe01],[],[],Chinese
UU_Chinese2HeroUpgradeEp6,UniqueUnitChinese2Hero,"""Unit""",6,180,7,24,11,3,0,0,0,0,0,0,0,0,0,0,tx_utn_UUChinese2_name,tx_utn_UUChinese2_pname,UniqueUnitChinese2Hero,,icon_unit_UUChinese2,[0 0 0 0],0,0,vtt_unit_UUChinese2,[v_LightInfantry_01_sel01],[v_LightInfantry_01_com01 v_LightInfantry_01_com02],[v_LightInfantry_01_com01 v_LightInfantry_01_com02 v_LightInfantry_01_spe01],[],[],Chinese
UU_Chinese3HeroUpgradeEp14,UniqueUnitChinese3Hero,"""Unit""",14,4600,15,360,15,2.5,0,0,0,0,0,0,0,0,0,0,tx_utn_UUChinese3_name,tx_utn_UUChinese3_pname,UniqueUnitChinese3Hero,,icon_unit_UUChinese3,[0 0 0 0],0,0,vtt_unit_UUChinese3,[v_tank_select_chn01 v_tank_select_chn02],[v_tank_move_chn01 v_tank_move_chn02],[v_tank_attack_chn01 v_tank_attack_chn02 v_tank_attack_chn03],[v_tank_death_chn01],[],Chinese
UU_Chinese3HeroUpgradeEp15,UniqueUnitChinese3Hero,"""Unit""",15,5500,16,460,16,2.5,0,0,0,0,0,0,0,0,0,0,tx_utn_ZTZ100_name,tx_utn_ZTZ100_pname,UniqueUnitChinese4Hero,,icon_unit_ZTZ100,[0 0 0 0],0,0,vtt_unit_ZTZ100,[v_tank_select_chn01 v_tank_select_chn02],[v_tank_move_chn01 v_tank_move_chn02],[v_tank_attack_chn01 v_tank_attack_chn02 v_tank_attack_chn03],[v_tank_death_chn01],[],Chinese
UU_Japanese1HeroUpgradeEp1,UniqueUnitJapanese1Hero,"""Unit""",1,160,5,14,0.8,1.5,0,0,0,0,0,0,0,0,0,0,tx_utn_UUJapanese1_name,tx_utn_UUJapanese1_pname,UniqueUnitJapanese1Hero,,icon_unit_UUJapanese1,[0 0 0 0],0,0,vtt_unit_UUJapanese1,[v_HeavyInfantry1_05_sel01],[v_HeavyInfantry1_05_spe01 v_HeavyInfantry1_05_com01 v_HeavyInfantry1_05_com02],[v_HeavyInfantry1_05_spe01 v_HeavyInfantry1_05_com01 v_HeavyInfantry1_05_com02],[],[],Japanese
UU_Korean1HeroUpgradeEp1,UniqueUnitKorean1Hero,"""Unit""",1,190,5,13,1,1,0,0,0,0,0,0,0,0,0,0,tx_utn_UUKorean1_name,tx_utn_UUKorean1_pname,UniqueUnitKorean1Hero,,icon_unit_UUKorean1,[0 0 0 0],0,0,vtt_unit_UUKorean1,[v_HeavyMounted1_04_sel01],[v_HeavyMounted1_04_com01 v_HeavyMounted1_04_com02 v_HeavyMounted1_04_spe01],[v_HeavyMounted1_04_com01 v_HeavyMounted1_04_com02 v_HeavyMounted1_04_spe01],[],[],Korean
UU_Korean2HeroUpgradeEp6,UniqueUnitKorean2Hero,"""Unit""",6,265,7,18,11,3,0,0,0,0,0,0,0,0,0,0,tx_utn_UUKorean2_name,tx_utn_UUKorean2_pname,UniqueUnitKorean2Hero,,icon_unit_UUKorean2,[0 0 0 0],0,0,vtt_unit_UUKorean2,[],[],[],[],[],Korean
UU_Korean3HeroUpgradeEp11,UniqueUnitKorean3Hero,"""Unit""",11,285,9,40,8,3,0,0,0,0,0,0,0,0,0,0,tx_utn_UUKorean3_name,tx_utn_UUKorean3_pname,UniqueUnitKorean3Hero,,icon_unit_UUKorean3,[0 0 0 0],0,0,vtt_unit_UUKorean3,[v_LightInfantry_11_sel01],[v_LightInfantry_11_com01 v_LightInfantry_11_com02],[v_LightInfantry_11_com01 v_LightInfantry_11_com02 v_LightInfantry_11_spe01],[],[],Korean
UU_Inca1HeroUpgradeEp1,UniqueUnitInca1Hero,"""Unit""",1,170,6,14,5,2,0,0,0,0,0,0,0,0,0,0,tx_utn_UUInca1_name,tx_utn_UUInca1_pname,UniqueUnitInca1Hero,,icon_unit_UUInca1,[0 0 0 0],0,0,vtt_unit_UUInca1,[v_LightInfantry_01_sel01],[v_LightInfantry_01_com01 v_LightInfantry_01_com02],[v_LightInfantry_01_com01 v_LightInfantry_01_com02],[],[],Inca
UU_Inca2HeroUpgradeEp6,UniqueUnitInca2Hero,"""Unit""",6,135,5,16,6,1,0,0,0,0,0,0,0,0,0,0,tx_utn_UUInca2_name,tx_utn_UUInca2_pname,UniqueUnitInca2Hero,,icon_unit_UUInca2,[0 0 0 0],0,0,vtt_unit_UUInca2,[v_HeavyInfantry2_08_sel01],[v_HeavyInfantry2_08_com01 v_HeavyInfantry2_08_com02 v_HeavyInfantry2_08_spe01],[v_HeavyInfantry2_08_com01 v_HeavyInfantry2_08_com02 v_HeavyInfantry2_08_spe01],[],[],Inca
UU_Inca3HeroUpgradeEp11,UniqueUnitInca3Hero,"""Unit""",11,280,9,152,13,4,0,0,0,0,0,0,0,0,0,0,tx_utn_UUInca3_name,tx_utn_UUInca3_pname,UniqueUnitInca3Hero,,icon_unit_UUInca3,[0 0 0 0],0,0,vtt_unit_UUInca3,[v_HeavyArtillery_12_sel01],[v_HeavyArtillery_12_com01 v_HeavyArtillery_12_com02],[v_HeavyArtillery_12_com01 v_HeavyArtillery_12_com02 v_HeavyArtillery_12_spe01],[],[],Inca
UU_Aztec1HeroUpgradeEp1,UniqueUnitAztec1Hero,"""Unit""",1,150,6,14,5,2,0,0,0,0,0,0,0,0,0,0,tx_utn_UUAztec1_name,tx_utn_UUAztec1_pname,UniqueUnitAztec1Hero,,icon_unit_UUAztec1,[0 0 0 0],0,0,vtt_unit_UUAztec1,[v_LightInfantry_01_sel01],[v_LightInfantry_01_com01 v_LightInfantry_01_com02],[v_LightInfantry_01_com01 v_LightInfantry_01_com02 v_LightInfantry_01_spe01],[],[],Aztec
UU_Aztec2HeroUpgradeEp6,UniqueUnitAztec2Hero,"""Unit""",6,310,5,27,1,1,0,0,0,0,0,0,0,0,0,0,tx_utn_UUAztec2_name,tx_utn_UUAztec2_pname,UniqueUnitAztec2Hero,,icon_unit_UUAztec2,[0 0 0 0],0,0,vtt_unit_UUAztec2,[v_HeavyMounted1_08_sel01],[v_HeavyMounted1_08_com01 v_HeavyMounted1_08_com02 v_HeavyMounted1_08_spe01],[v_HeavyMounted1_08_com01 v_HeavyMounted1_08_com02 v_HeavyMounted1_08_spe01],[],[],Aztec
UU_Mayan1HeroUpgradeEp1,UniqueUnitMayan1Hero,"""Unit""",1,115,5,18,0.8,1.5,0,0,0,0,0,0,0,0,0,0,tx_utn_UUMayan1_name,tx_utn_UUMayan1_pname,UniqueUnitMayan1Hero,,icon_unit_UUMayan1,[0 0 0 0],0,0,vtt_unit_UUMayan1,[v_HeavyInfantry1_01_sel01],[v_HeavyInfantry1_01_spe01 v_HeavyInfantry1_01_com01 v_HeavyInfantry1_01_com02],[v_HeavyInfantry1_01_spe01 v_HeavyInfantry1_01_com01 v_HeavyInfantry1_01_com02],[],[],Mayan
UU_Mayan2HeroUpgradeEp6,UniqueUnitMayan2Hero,"""Unit""",6,330,7,43,11,3,0,0,0,0,0,0,0,0,0,0,tx_utn_UUMayan2_name,tx_utn_UUMayan2_pname,UniqueUnitMayan2Hero,,icon_unit_UUMayan2,[0 0 0 0],0,0,vtt_unit_UUMayan2,[],[],[],[],[],Mayan
UU_Mayan3HeroUpgradeEp11,UniqueUnitMayan3Hero,"""Unit""",11,275,9,40,13,3,0,0,0,0,0,0,0,0,0,0,tx_utn_UUMayan3_name,tx_utn_UUMayan3_pname,UniqueUnitMayan3Hero,,icon_unit_UUMayan3,[0 0 0 0],0,0,vtt_unit_UUMayan3,[v_LightArtillery1_13_sel01],[v_LightArtillery1_13_com01 v_LightArtillery1_13_com02],[v_LightArtillery1_13_com01 v_LightArtillery1_13_com02 v_LightArtillery1_13_spe01],[],[],Mayan

// EE2X unique unit heroes,,,,,,,,,,,,,,,,,,,,,,,,,,,,,,,,,
UU_Zulu1HeroUpgradeEp1,UniqueUnitZulu1Hero,"""Unit""",1,230,5,18,1,1,0,0,0,0,0,0,0,0,0,0,tx_utn_UUZulu1_name,tx_utn_UUZulu1_pname,UniqueUnitZulu1Hero,,icon_unit_UUZulu1,[0 0 0 0],0,0,vtt_unit_UUZulu1,[v_HeavyMounted1_04_sel01],[v_HeavyMounted1_04_com01 v_HeavyMounted1_04_com02 v_HeavyMounted1_04_spe01],[v_HeavyMounted1_04_com01 v_HeavyMounted1_04_com02 v_HeavyMounted1_04_spe01],[],[],Zulu
UU_Zulu2HeroUpgradeEp6,UniqueUnitZulu2Hero,"""Unit""",6,200,5,21,7,4,0,0,0,0,0,0,0,0,0,0,tx_utn_UUZulu2_name,tx_utn_UUZulu2_pname,UniqueUnitZulu2Hero,,icon_unit_UUZulu2,[0 0 0 0],0,0,vtt_unit_UUZulu2,[v_HeavyInfantry1_07_sel01],[v_HeavyInfantry1_07_spe01 v_HeavyInfantry1_07_com01 v_HeavyInfantry1_07_com02],[v_HeavyInfantry1_07_spe01 v_HeavyInfantry1_07_com01 v_HeavyInfantry1_07_com02],[],[],Zulu
UU_Zulu3HeroUpgradeEp11,UniqueUnitZulu3Hero,"""Unit""",11,330,8,24,7,0.2,0,0,0,0,0,0,0,0,0,0,tx_utn_UUZulu3_name,tx_utn_UUZulu3_pname,UniqueUnitZulu3Hero,,icon_unit_UUZulu3,[0 0 0 0],0,0,vtt_unit_UUZulu3,[v_HeavyInfantry2_11_sel01],[v_HeavyInfantry2_11_com01 v_HeavyInfantry2_11_com02 v_HeavyInfantry2_11_spe01],[v_HeavyInfantry2_11_spe01],[],[],Zulu
UU_Maasai1HeroUpgradeEp1,UniqueUnitMaasai1Hero,"""Unit""",1,150,6,16,5,2,0,0,0,0,0,0,0,0,0,0,tx_utn_UUMaasai1_name,tx_utn_UUMaasai1_pname,UniqueUnitMaasai1Hero,,icon_unit_UUMaasai1,[0 0 0 0],0,0,vtt_unit_UUMaasai1,[v_LightInfantry_01_sel01],[v_LightInfantry_01_com01 v_LightInfantry_01_com02],[v_LightInfantry_01_com01 v_LightInfantry_01_com02 v_LightInfantry_01_spe01],[],[],Maasai
UU_Russian1HeroUpgradeEp1,UniqueUnitRussian1Hero,"""Unit""",1,140,5,13,0.8,1.5,0,0,0,0,0,0,0,0,0,0,tx_utn_UURussian1_name,tx_utn_UURussian1_pname,UniqueUnitRussian1Hero,,icon_unit_UURussian1,[0 0 0 0],0,0,vtt_unit_UURussian1,[v_HeavyInfantry1_03_sel01],[v_HeavyInfantry1_03_spe01 v_HeavyInfantry1_03_com01 v_HeavyInfantry1_03_com02],[v_HeavyInfantry1_03_spe01 v_HeavyInfantry1_03_com01 v_HeavyInfantry1_03_com02],[],[],Russian
UU_Russian2HeroUpgradeEp6,UniqueUnitRussian2Hero,"""Unit""",6,310,7,38,11,3,0,0,0,0,0,0,0,0,0,0,tx_utn_UURussian2_name,tx_utn_UURussian2_pname,UniqueUnitRussian2Hero,,icon_unit_UURussian2,[0 0 0 0],0,0,vtt_unit_UURussian2,[],[],[],[],[],Russian
UU_Russian3HeroUpgradeEp14,UniqueUnitRussian3Hero,"""Unit""",14,4600,15,360,15,3,0,0,0,0,0,0,0,0,0,0,tx_utn_UURussian3_name,tx_utn_UURussian3_pname,UniqueUnitRussian3Hero,,icon_unit_UURussian3,[0 0 0 0],0,0,vtt_unit_UURussian3,[v_HeavyMounted1_12_sel01],[v_HeavyMounted1_12_com01 v_HeavyMounted1_12_com02 v_HeavyMounted1_12_spe01],[v_HeavyMounted1_12_com01 v_HeavyMounted1_12_com02 v_HeavyMounted1_12_spe01],[],[],Russian
UU_Russian3HeroUpgradeEp15,UniqueUnitRussian3Hero,"""Unit""",15,5500,16,460,16,3,0,0,0,0,0,0,0,0,0,0,tx_utn_Amata_name,tx_utn_Amata_pname,UniqueUnitRussian4Hero,,icon_unit_Amata,[0 0 0 0],0,0,vtt_unit_Amata,[v_HeavyMounted1_12_sel01],[v_HeavyMounted1_12_com01 v_HeavyMounted1_12_com02 v_HeavyMounted1_12_spe01],[v_HeavyMounted1_12_com01 v_HeavyMounted1_12_com02 v_HeavyMounted1_12_spe01],[],[],Russian
UU_French1HeroUpgradeEp1,UniqueUnitFrench1Hero,"""Unit""",1,240,7,155,9,4,0,0,0,0,0,0,0,0,0,0,tx_utn_UUFrench1_name,tx_utn_UUFrench1_pname,UniqueUnitFrench1Hero,,icon_unit_UUFrench1,[0 0 0 0],0,0,vtt_unit_UUFrench1,[v_HeavyArtillery_04_sel01],[v_HeavyArtillery_04_com01 v_HeavyArtillery_04_com02],[v_HeavyArtillery_04_com01 v_HeavyArtillery_04_com02 v_HeavyArtillery_04_spe01],[],[],French
UU_French2HeroUpgradeEp6,UniqueUnitFrench2Hero,"""Unit""",6,230,5,22,1,1,0,0,0,0,0,0,0,0,0,0,tx_utn_UUFrench2_name,tx_utn_UUFrench2_pname,UniqueUnitFrench2Hero,,icon_unit_UUFrench2,[0 0 0 0],0,0,vtt_unit_UUFrench2,[v_HeavyMounted1_06_sel01],[v_HeavyMounted1_06_com01 v_HeavyMounted1_06_com02 v_HeavyMounted1_06_spe01],[v_HeavyMounted1_06_com01 v_HeavyMounted1_06_com02 v_HeavyMounted1_06_spe01],[],[],French

//Egyptian Fortress for Egyptian campaign,,,,,,,,,,,,,,,,,,,,,,,,,,,,,,,,,
EgyptFortressUpgradeEpoch4,EgyptFortress,"""Building""",4,10000,9,100,9,3,0,0,0,0,0,0,0,0,0,0,tx_eg_EgyptFortress_name,,Fortress_4,,icon_unit_fortress_4,[0 0 0 0],0,0,tx_eg_EgyptFortress_verbose,[fortress_select],[],[],[],[EgyptFortressEpoch4Attack EgyptFortressEpoch4Garrison],All
LeaderKemsa,LeaderKemsa,"""Unit""",4,2500,5,50,0.8,1.5,0,0,0,0,0,0,0,0,0,0,,,,,,[0 0 0 0],0,0,,[],[],[],[],[],All
EgyptCrocodileUpgrade1,EgyptCrocodile,"""Unit""",3,10000,8,1000,0.8,4,60,0,2000,0,2000,2000,0,0,0,0,tx_eg_crocodile_name,tx_eg_crocodile_name,EgyptCrocodile,,icon_unit_camp_warengine,[0 0 0 0],0,0,tx_eg_crocodile_verbose,[v_ram_03_sel01],[v_ram_03_com01 v_ram_03_com02],[v_ram_03_com01 v_ram_03_com02 v_ram_03_spe01],[],[],All
