// NAME,ATTACKER,DEFENDERS,ADJUST
//Heavy Tank vs Light Mounted,,,
hm11_vs_lm10,HeavyMounted1UpgradeEpoch11,[LightMounted1UpgradeEpoch10],200
//Heavy Tank vs Heavy Mounted,,,
hm11_vs_hm10,HeavyMounted1UpgradeEpoch11,[HeavyMounted1UpgradeEpoch10],150
//Heavy Tank vs Light Infantry,,,
hm10_vs_li9,HeavyMounted1UpgradeEpoch10,[LightInfantryUpgradeEpoch9],60
hm11_vs_li11,HeavyMounted1UpgradeEpoch11,[LightInfantryUpgradeEpoch11],60
hm12_vs_li11,HeavyMounted1UpgradeEpoch12,[LightInfantryUpgradeEpoch11],60
hm13_vs_li13,HeavyMounted1UpgradeEpoch13,[LightInfantryUpgradeEpoch13],60
hm15_vs_li15,HeavyMounted1UpgradeEpoch15,[LightInfantryUpgradeEpoch15],50
//Heavy Tank vs Heavy Infantry,,,
hm13_vs_hi14,HeavyMounted1UpgradeEpoch13,[HeavyInfantry2UpgradeEpoch14],150
//Light Tank vs Light Tank,,,
lm12_vs_lm11,LightMounted1UpgradeEpoch12,[LightMounted1UpgradeEpoch11],120
//Light Tank vs Heavy Tank,,,
lm11_vs_hm11,LightMounted1UpgradeEpoch11,[HeavyMounted1UpgradeEpoch11],65
lm11_vs_hm12,LightMounted1UpgradeEpoch11,[HeavyMounted1UpgradeEpoch12],65
lm12_vs_hm11,LightMounted1UpgradeEpoch12,[HeavyMounted1UpgradeEpoch11],70
lm12_vs_hm12,LightMounted1UpgradeEpoch12,[HeavyMounted1UpgradeEpoch12],65
//Heavy Mounted vs Light Infantry,,,
hm2_vs_li1,HeavyMounted1UpgradeEpoch1,[LightInfantryUpgradeEpoch1],50
hm4_vs_li3,HeavyMounted1UpgradeEpoch4,[LightInfantryUpgradeEpoch3],50
hm6_vs_li5,HeavyMounted1UpgradeEpoch6,[LightInfantryUpgradeEpoch5],50
hm6_vs_li7,HeavyMounted1UpgradeEpoch6,[LightInfantryUpgradeEpoch7],60
hm8_vs_li7,HeavyMounted1UpgradeEpoch8,[LightInfantryUpgradeEpoch7],60
hm10_vs_li11,HeavyMounted1UpgradeEpoch10,[LightInfantryUpgradeEpoch11],30
//Heavy Mounted vs Heavy Mounted,,,
//hm6_vs_hm8,HeavyMounted1UpgradeEpoch6,[HeavyMounted1UpgradeEpoch8],75
//hm7_vs_hm9,HeavyMounted1UpgradeEpoch7,[HeavyMounted1UpgradeEpoch9],75
//hm7_vs_hm11,HeavyMounted1UpgradeEpoch7,[HeavyMounted1UpgradeEpoch11],75
//hm7_vs_hm13,HeavyMounted1UpgradeEpoch7,[HeavyMounted1UpgradeEpoch13],75
//hm7_vs_hm15,HeavyMounted1UpgradeEpoch7,[HeavyMounted1UpgradeEpoch15],50
//hm11_vs_hm13,HeavyMounted1UpgradeEpoch11,[HeavyMounted1UpgradeEpoch13],75
//hm11_vs_hm15,HeavyMounted1UpgradeEpoch11,[HeavyMounted1UpgradeEpoch15],50
//hm15_vs_hm9,HeavyMounted1UpgradeEpoch15,[HeavyMounted1UpgradeEpoch9],150
//hm15_vs_hm13,HeavyMounted1UpgradeEpoch15,[HeavyMounted1UpgradeEpoch13],115
//Heavy Heli vs Heavy Inf,,,
hm2_vs_hi13,HeavyMounted2UpgradeEpoch13,[HeavyInfantry1UpgradeEpoch13],75
hm2_vs_hi14,HeavyMounted2UpgradeEpoch13,[HeavyInfantry2UpgradeEpoch14],75
//Light Heli vs Heavy Inf,,,
lm2_vs_hi13,LightMounted2UpgradeEpoch13,[HeavyInfantry1UpgradeEpoch13],50
lm2_vs_hi14,LightMounted2UpgradeEpoch13,[HeavyInfantry2UpgradeEpoch14],50
//Light Infantry vs Heavy Infantry (E1-E15 exchange: H1 1.3:1 vs L1; H2 1.2:1 vs H1; L1 1.4:1 vs H2),,,
// (1) HeavyInfantry1 vs LightInfantry: 1.3:1 → H1 deal 130%, L1 deal 77%
hi1_1_vs_li1,HeavyInfantry1UpgradeEpoch1,[LightInfantryUpgradeEpoch1],130
hi1_3_vs_li3,HeavyInfantry1UpgradeEpoch3,[LightInfantryUpgradeEpoch3],130
hi1_5_vs_li5,HeavyInfantry1UpgradeEpoch5,[LightInfantryUpgradeEpoch5],130
hi1_7_vs_li7,HeavyInfantry1UpgradeEpoch7,[LightInfantryUpgradeEpoch7],130
hi1_9_vs_li9,HeavyInfantry1UpgradeEpoch9,[LightInfantryUpgradeEpoch9],130
hi1_11_vs_li11,HeavyInfantry1UpgradeEpoch11,[LightInfantryUpgradeEpoch11],130
hi1_13_vs_li13,HeavyInfantry1UpgradeEpoch13,[LightInfantryUpgradeEpoch13],130
hi1_15_vs_li15,HeavyInfantry1UpgradeEpoch15,[LightInfantryUpgradeEpoch15],130
li1_vs_hi1_1,LightInfantryUpgradeEpoch1,[HeavyInfantry1UpgradeEpoch1],77
li3_vs_hi1_3,LightInfantryUpgradeEpoch3,[HeavyInfantry1UpgradeEpoch3],77
li5_vs_hi1_5,LightInfantryUpgradeEpoch5,[HeavyInfantry1UpgradeEpoch5],77
li7_vs_hi1_7,LightInfantryUpgradeEpoch7,[HeavyInfantry1UpgradeEpoch7],77
li9_vs_hi1_9,LightInfantryUpgradeEpoch9,[HeavyInfantry1UpgradeEpoch9],77
li11_vs_hi1_11,LightInfantryUpgradeEpoch11,[HeavyInfantry1UpgradeEpoch11],77
li13_vs_hi1_13,LightInfantryUpgradeEpoch13,[HeavyInfantry1UpgradeEpoch13],77
li15_vs_hi1_15,LightInfantryUpgradeEpoch15,[HeavyInfantry1UpgradeEpoch15],77
// (2) HeavyInfantry2 vs HeavyInfantry1: 1.2:1 → H2 deal 120%, H1 deal 83%
hi2_1_vs_hi1_1,HeavyInfantry2UpgradeEpoch1,[HeavyInfantry1UpgradeEpoch1],120
hi2_5_vs_hi1_5,HeavyInfantry2UpgradeEpoch5,[HeavyInfantry1UpgradeEpoch5],120
hi2_8_vs_hi1_7,HeavyInfantry2UpgradeEpoch8,[HeavyInfantry1UpgradeEpoch7],120
hi2_8_vs_hi1_9,HeavyInfantry2UpgradeEpoch8,[HeavyInfantry1UpgradeEpoch9],120
hi2_11_vs_hi1_11,HeavyInfantry2UpgradeEpoch11,[HeavyInfantry1UpgradeEpoch11],120
hi2_14_vs_hi1_13,HeavyInfantry2UpgradeEpoch14,[HeavyInfantry1UpgradeEpoch13],120
hi2_14_vs_hi1_15,HeavyInfantry2UpgradeEpoch14,[HeavyInfantry1UpgradeEpoch15],120
hi1_1_vs_hi2_1,HeavyInfantry1UpgradeEpoch1,[HeavyInfantry2UpgradeEpoch1],83
hi1_5_vs_hi2_5,HeavyInfantry1UpgradeEpoch5,[HeavyInfantry2UpgradeEpoch5],83
hi1_7_vs_hi2_8,HeavyInfantry1UpgradeEpoch7,[HeavyInfantry2UpgradeEpoch8],83
hi1_9_vs_hi2_8,HeavyInfantry1UpgradeEpoch9,[HeavyInfantry2UpgradeEpoch8],83
hi1_11_vs_hi2_11,HeavyInfantry1UpgradeEpoch11,[HeavyInfantry2UpgradeEpoch11],83
hi1_13_vs_hi2_14,HeavyInfantry1UpgradeEpoch13,[HeavyInfantry2UpgradeEpoch14],83
hi1_15_vs_hi2_14,HeavyInfantry1UpgradeEpoch15,[HeavyInfantry2UpgradeEpoch14],83
// (3) LightInfantry vs HeavyInfantry2: 1.4:1 → L1 deal 140%, H2 deal 71%
li1_vs_hi2_1,LightInfantryUpgradeEpoch1,[HeavyInfantry2UpgradeEpoch1],140
li3_vs_hi2_1,LightInfantryUpgradeEpoch3,[HeavyInfantry2UpgradeEpoch1],140
li5_vs_hi2_5,LightInfantryUpgradeEpoch5,[HeavyInfantry2UpgradeEpoch5],140
li7_vs_hi2_8,LightInfantryUpgradeEpoch7,[HeavyInfantry2UpgradeEpoch8],140
li9_vs_hi2_8,LightInfantryUpgradeEpoch9,[HeavyInfantry2UpgradeEpoch8],140
li11_vs_hi2_11,LightInfantryUpgradeEpoch11,[HeavyInfantry2UpgradeEpoch11],140
li13_vs_hi2_14,LightInfantryUpgradeEpoch13,[HeavyInfantry2UpgradeEpoch14],140
li15_vs_hi2_14,LightInfantryUpgradeEpoch15,[HeavyInfantry2UpgradeEpoch14],140
hi2_1_vs_li1,HeavyInfantry2UpgradeEpoch1,[LightInfantryUpgradeEpoch1],71
hi2_1_vs_li3,HeavyInfantry2UpgradeEpoch1,[LightInfantryUpgradeEpoch3],71
hi2_5_vs_li5,HeavyInfantry2UpgradeEpoch5,[LightInfantryUpgradeEpoch5],71
hi2_8_vs_li7,HeavyInfantry2UpgradeEpoch8,[LightInfantryUpgradeEpoch7],71
hi2_8_vs_li9,HeavyInfantry2UpgradeEpoch8,[LightInfantryUpgradeEpoch9],71
hi2_11_vs_li11,HeavyInfantry2UpgradeEpoch11,[LightInfantryUpgradeEpoch11],71
hi2_14_vs_li13,HeavyInfantry2UpgradeEpoch14,[LightInfantryUpgradeEpoch13],71
hi2_14_vs_li15,HeavyInfantry2UpgradeEpoch14,[LightInfantryUpgradeEpoch15],71
//Light Infantry vs Heavy Mounted,,,
//li11_vs_hm10,LightInfantryUpgradeEpoch11,[HeavyMounted1UpgradeEpoch10],200
//Light Infantry vs Light Mounted,,,
li11_vs_lm10,LightInfantryUpgradeEpoch11,[LightMounted1UpgradeEpoch10],150
//Light Infantry vs Light Infantry,,,
li5_vs_li7,LightInfantryUpgradeEpoch5,[LightInfantryUpgradeEpoch7],50
//Heavy Infantry vs Heavy Infantry,,,
hi1_vs_hi9,HeavyInfantry1UpgradeEpoch1,HeavyInfantry1UpgradeEpoch9,50
hi5_vs_hi11,HeavyInfantry1UpgradeEpoch5,HeavyInfantry1UpgradeEpoch11,50
hi11_vs_hi5,HeavyInfantry1UpgradeEpoch11,HeavyInfantry1UpgradeEpoch5,200
hi3_vs_hi7,HeavyInfantry1UpgradeEpoch3,HeavyInfantry1UpgradeEpoch7,25
hi3_vs_hi9,HeavyInfantry1UpgradeEpoch3,HeavyInfantry1UpgradeEpoch9,25
hi3_vs_hi11,HeavyInfantry1UpgradeEpoch3,HeavyInfantry1UpgradeEpoch11,25
hi5_vs_hi7,HeavyInfantry1UpgradeEpoch5,HeavyInfantry1UpgradeEpoch7,50
hi5_vs_hi9,HeavyInfantry1UpgradeEpoch5,HeavyInfantry1UpgradeEpoch9,50
//Heavy Infantry vs Light Tank,,,
hi13_vs_lm13,HeavyInfantry1UpgradeEpoch13,[LightMounted1UpgradeEpoch13],60
hi14_vs_lm13,HeavyInfantry2UpgradeEpoch14,[LightMounted1UpgradeEpoch13],55
hi15_vs_lm15,HeavyInfantry1UpgradeEpoch15,[LightMounted1UpgradeEpoch15],50
//Heavy Infantry vs Light Mounted,,,
hi1_vs_lm2,HeavyInfantry1UpgradeEpoch1,[LightMounted1UpgradeEpoch1],50
hi3_vs_lm2,HeavyInfantry1UpgradeEpoch3,[LightMounted1UpgradeEpoch1],50
hi5_vs_lm6,HeavyInfantry1UpgradeEpoch5,[LightMounted1UpgradeEpoch6],50
//Heavy Infantry vs Heavy Mounted,,,
hi1_vs_hm2,HeavyInfantry1UpgradeEpoch1,[HeavyMounted1UpgradeEpoch1],75
hi3_vs_hm2,HeavyInfantry1UpgradeEpoch3,[HeavyMounted1UpgradeEpoch1],60
hi3_vs_hm4,HeavyInfantry1UpgradeEpoch3,[HeavyMounted1UpgradeEpoch4],60
hi11_vs_hm10,HeavyInfantry1UpgradeEpoch11,[HeavyMounted1UpgradeEpoch10],150
hi211_vs_hm10,HeavyInfantry2UpgradeEpoch11,[HeavyMounted1UpgradeEpoch10],150
// Outpost vs Spy,,,
o1_vs_s1,OutpostUpgradeEpoch1,[SpyUpgradeEpoch1],20
o1_vs_s4,OutpostUpgradeEpoch1,[SpyUpgradeEpoch4],20
o1_vs_s7,OutpostUpgradeEpoch1,[SpyUpgradeEpoch7],20
o1_vs_s10,OutpostUpgradeEpoch1,[SpyUpgradeEpoch10],20
o1_vs_s13,OutpostUpgradeEpoch1,[SpyUpgradeEpoch13],20
o4_vs_s1,OutpostUpgradeEpoch4,[SpyUpgradeEpoch1],20
o4_vs_s4,OutpostUpgradeEpoch4,[SpyUpgradeEpoch4],20
o4_vs_s7,OutpostUpgradeEpoch4,[SpyUpgradeEpoch7],20
o4_vs_s10,OutpostUpgradeEpoch4,[SpyUpgradeEpoch10],20
o4_vs_s13,OutpostUpgradeEpoch4,[SpyUpgradeEpoch13],20
o7_vs_s1,OutpostUpgradeEpoch7,[SpyUpgradeEpoch1],20
o7_vs_s4,OutpostUpgradeEpoch7,[SpyUpgradeEpoch4],20
o7_vs_s7,OutpostUpgradeEpoch7,[SpyUpgradeEpoch7],20
o7_vs_s10,OutpostUpgradeEpoch7,[SpyUpgradeEpoch10],20
o7_vs_s13,OutpostUpgradeEpoch7,[SpyUpgradeEpoch13],20
o10_vs_s1,OutpostUpgradeEpoch10,[SpyUpgradeEpoch1],20
o10_vs_s4,OutpostUpgradeEpoch10,[SpyUpgradeEpoch4],20
o10_vs_s7,OutpostUpgradeEpoch10,[SpyUpgradeEpoch7],20
o10_vs_s10,OutpostUpgradeEpoch10,[SpyUpgradeEpoch10],20
o10_vs_s13,OutpostUpgradeEpoch10,[SpyUpgradeEpoch13],20
o13_vs_s1,OutpostUpgradeEpoch13,[SpyUpgradeEpoch1],20
o13_vs_s4,OutpostUpgradeEpoch13,[SpyUpgradeEpoch4],20
o13_vs_s7,OutpostUpgradeEpoch13,[SpyUpgradeEpoch7],20
o13_vs_s10,OutpostUpgradeEpoch13,[SpyUpgradeEpoch10],20
o13_vs_s13,OutpostUpgradeEpoch13,[SpyUpgradeEpoch13],20
// Fighter vs Satellite,,,
f11_vs_satellite,FighterUpgradeEpoch11,[NonCombatAir3UpgradeEpoch13],0
f12_vs_satellite,FighterUpgradeEpoch12,[NonCombatAir3UpgradeEpoch13],0
// Air Defenses vs Satellite,,,
aa10_vs_satellite,AirDefenseUpgradeEpoch10,[NonCombatAir3UpgradeEpoch13],0
aa13_vs_satellite,AirDefenseUpgradeEpoch13,[NonCombatAir3UpgradeEpoch13],0
aa15_vs_satellite,AirDefenseUpgradeEpoch15,[NonCombatAir3UpgradeEpoch13],0
// Mobile AA vs Satellite,,,
maa11_vs_satellite,LightArtillery2UpgradeEpoch11,[NonCombatAir3UpgradeEpoch13],0
maa13_vs_satellite,LightArtillery2UpgradeEpoch13,[NonCombatAir3UpgradeEpoch13],0
maa15_vs_satellite,LightArtillery2UpgradeEpoch15,[NonCombatAir3UpgradeEpoch13],0
//Helicopters vs Satellite,,,
heli1_13_vs_satellite,HeavyMounted2UpgradeEpoch13,[NonCombatAir3UpgradeEpoch13],0
heli1_15_vs_satellite,HeavyMounted2UpgradeEpoch15,[NonCombatAir3UpgradeEpoch13],0
heli2_13_vs_satellite,LightMounted2UpgradeEpoch13,[NonCombatAir3UpgradeEpoch13],0
heli2_15_vs_satellite,LightMounted2UpgradeEpoch15,[NonCombatAir3UpgradeEpoch13],0
//Ships vs Satellite,,,
dest11_vs_satellite,DestroyerUpgradeEpoch11,[NonCombatAir3UpgradeEpoch13],0
dest13_vs_satellite,DestroyerUpgradeEpoch13,[NonCombatAir3UpgradeEpoch13],0
dest15_vs_satellite,DestroyerUpgradeEpoch15,[NonCombatAir3UpgradeEpoch13],0
battle11_vs_satellite,BattleshipUpgradeEpoch11,[NonCombatAir3UpgradeEpoch13],0
battle13_vs_satellite,BattleshipUpgradeEpoch13,[NonCombatAir3UpgradeEpoch13],0
battle15_vs_satellite,BattleshipUpgradeEpoch15,[NonCombatAir3UpgradeEpoch13],0
carrier11_vs_satellite,AircraftCarrierUpgradeEpoch11,[NonCombatAir3UpgradeEpoch13],0
carrier14_vs_satellite,AircraftCarrierUpgradeEpoch14,[NonCombatAir3UpgradeEpoch13],0
//Heavy Infantry 1 vs Satellite,,,
hi1_1_vs_satellite,HeavyInfantry1UpgradeEpoch1,[NonCombatAir3UpgradeEpoch13],0
hi1_3_vs_satellite,HeavyInfantry1UpgradeEpoch3,[NonCombatAir3UpgradeEpoch13],0
hi1_5_vs_satellite,HeavyInfantry1UpgradeEpoch5,[NonCombatAir3UpgradeEpoch13],0
hi1_7_vs_satellite,HeavyInfantry1UpgradeEpoch7,[NonCombatAir3UpgradeEpoch13],0
hi1_9_vs_satellite,HeavyInfantry1UpgradeEpoch9,[NonCombatAir3UpgradeEpoch13],0
hi1_11_vs_satellite,HeavyInfantry1UpgradeEpoch11,[NonCombatAir3UpgradeEpoch13],0
hi1_13_vs_satellite,HeavyInfantry1UpgradeEpoch13,[NonCombatAir3UpgradeEpoch13],0
hi1_15_vs_satellite,HeavyInfantry1UpgradeEpoch15,[NonCombatAir3UpgradeEpoch13],0
AmericanUU2_vs_satellite,UU_American2UpgradeEpoch6,[NonCombatAir3UpgradeEpoch13],0
BabylonianUU3_vs_satellite,UU_Babylonian3UpgradeEpoch11,[NonCombatAir3UpgradeEpoch13],0
GermanUU1_vs_satellite,UU_German1UpgradeEpoch1,[NonCombatAir3UpgradeEpoch13],0
GreekUU3_vs_satellite,UU_Greek3UpgradeEpoch11,[NonCombatAir3UpgradeEpoch13],0
JapaneseUU1_vs_satellite,UU_Japanese1UpgradeEpoch1,[NonCombatAir3UpgradeEpoch13],0
MayanUU1_vs_satellite,UU_Mayan1UpgradeEpoch1,[NonCombatAir3UpgradeEpoch13],0
RomanUU1_vs_satellite,UU_Roman1UpgradeEpoch1,[NonCombatAir3UpgradeEpoch13],0
RomanUU3_vs_satellite,UU_Roman3UpgradeEpoch11,[NonCombatAir3UpgradeEpoch13],0
RussianUU1_vs_satellite,UU_Russian1UpgradeEpoch1,[NonCombatAir3UpgradeEpoch13],0
TurkishUU2_vs_satellite,UU_Turkish2UpgradeEpoch6,[NonCombatAir3UpgradeEpoch13],0
ZuluUU2_vs_satellite,UU_Zulu2UpgradeEpoch6,[NonCombatAir3UpgradeEpoch13],0
//Heavy Infantry 2 vs Satellite,,,
hi2_1_vs_satellite,HeavyInfantry2UpgradeEpoch1,[NonCombatAir3UpgradeEpoch13],0
hi2_2_vs_satellite,HeavyInfantry2UpgradeEpoch1,[NonCombatAir3UpgradeEpoch13],0
hi2_5_vs_satellite,HeavyInfantry2UpgradeEpoch5,[NonCombatAir3UpgradeEpoch13],0
hi2_8_vs_satellite,HeavyInfantry2UpgradeEpoch8,[NonCombatAir3UpgradeEpoch13],0
hi2_11_vs_satellite,HeavyInfantry2UpgradeEpoch11,[NonCombatAir3UpgradeEpoch13],0
hi2_14_vs_satellite,HeavyInfantry2UpgradeEpoch14,[NonCombatAir3UpgradeEpoch13],0
GreekUU1_vs_satellite,UU_Greek1UpgradeEpoch1,[NonCombatAir3UpgradeEpoch13],0
RomanUU2_vs_satellite,UU_Roman2UpgradeEpoch6,[NonCombatAir3UpgradeEpoch13],0
ZuluUU1_vs_satellite,UU_Zulu1UpgradeEpoch1,[NonCombatAir3UpgradeEpoch13],0
//Air Defenses vs Balloon,,,
aa10_vs_balloon,AirDefenseUpgradeEpoch10,[NonCombatAir1UpgradeEpoch11],0
aa13_vs_balloon,AirDefenseUpgradeEpoch13,[NonCombatAir1UpgradeEpoch11],0
aa15_vs_balloon,AirDefenseUpgradeEpoch15,[NonCombatAir1UpgradeEpoch11],0
// Mobile AA vs Balloon,,,
maa11_vs_balloon,LightArtillery2UpgradeEpoch11,[NonCombatAir1UpgradeEpoch11],0
maa13_vs_balloon,LightArtillery2UpgradeEpoch13,[NonCombatAir1UpgradeEpoch11],0
maa15_vs_balloon,LightArtillery2UpgradeEpoch15,[NonCombatAir1UpgradeEpoch11],0
//Helicopters vs Balloon,,,
heli1_13_vs_balloon,HeavyMounted2UpgradeEpoch13,[NonCombatAir1UpgradeEpoch11],0
heli1_15_vs_balloon,HeavyMounted2UpgradeEpoch15,[NonCombatAir1UpgradeEpoch11],0
heli2_13_vs_balloon,LightMounted2UpgradeEpoch13,[NonCombatAir1UpgradeEpoch11],0
heli2_15_vs_balloon,LightMounted2UpgradeEpoch15,[NonCombatAir1UpgradeEpoch11],0
//Ships vs Balloon,,,
dest11_vs_Balloon,DestroyerUpgradeEpoch11,[NonCombatAir1UpgradeEpoch11],0
dest13_vs_Balloon,DestroyerUpgradeEpoch13,[NonCombatAir1UpgradeEpoch11],0
dest15_vs_Balloon,DestroyerUpgradeEpoch15,[NonCombatAir1UpgradeEpoch11],0
battle11_vs_Balloon,BattleshipUpgradeEpoch11,[NonCombatAir1UpgradeEpoch11],0
battle13_vs_Balloon,BattleshipUpgradeEpoch13,[NonCombatAir1UpgradeEpoch11],0
battle15_vs_Balloon,BattleshipUpgradeEpoch15,[NonCombatAir1UpgradeEpoch11],0
carrier11_vs_Balloon,AircraftCarrierUpgradeEpoch11,[NonCombatAir1UpgradeEpoch11],0
carrier14_vs_Balloon,AircraftCarrierUpgradeEpoch14,[NonCombatAir1UpgradeEpoch11],0
//Heavy Infantry 1 vs Balloon,,,
hi1_1_vs_balloon,HeavyInfantry1UpgradeEpoch1,[NonCombatAir1UpgradeEpoch11],0
hi1_3_vs_balloon,HeavyInfantry1UpgradeEpoch3,[NonCombatAir1UpgradeEpoch11],0
hi1_5_vs_balloon,HeavyInfantry1UpgradeEpoch5,[NonCombatAir1UpgradeEpoch11],0
hi1_7_vs_balloon,HeavyInfantry1UpgradeEpoch7,[NonCombatAir1UpgradeEpoch11],0
hi1_9_vs_balloon,HeavyInfantry1UpgradeEpoch9,[NonCombatAir1UpgradeEpoch11],0
hi1_11_vs_balloon,HeavyInfantry1UpgradeEpoch11,[NonCombatAir1UpgradeEpoch11],0
hi1_13_vs_balloon,HeavyInfantry1UpgradeEpoch13,[NonCombatAir1UpgradeEpoch11],0
hi1_15_vs_balloon,HeavyInfantry1UpgradeEpoch15,[NonCombatAir1UpgradeEpoch11],0
AmericanUU2_vs_balloon,UU_American2UpgradeEpoch6,[NonCombatAir1UpgradeEpoch11],0
BabylonianUU3_vs_balloon,UU_Babylonian3UpgradeEpoch11,[NonCombatAir1UpgradeEpoch11],0
GermanUU1_vs_balloon,UU_German1UpgradeEpoch1,[NonCombatAir1UpgradeEpoch11],0
GreekUU3_vs_balloon,UU_Greek3UpgradeEpoch11,[NonCombatAir1UpgradeEpoch11],0
JapaneseUU1_vs_balloon,UU_Japanese1UpgradeEpoch1,[NonCombatAir1UpgradeEpoch11],0
MayanUU1_vs_balloon,UU_Mayan1UpgradeEpoch1,[NonCombatAir1UpgradeEpoch11],0
RomanUU1_vs_balloon,UU_Roman1UpgradeEpoch1,[NonCombatAir1UpgradeEpoch11],0
RomanUU3_vs_balloon,UU_Roman3UpgradeEpoch11,[NonCombatAir1UpgradeEpoch11],0
RussianUU1_vs_balloon,UU_Russian1UpgradeEpoch1,[NonCombatAir1UpgradeEpoch11],0
TurkishUU2_vs_balloon,UU_Turkish2UpgradeEpoch6,[NonCombatAir1UpgradeEpoch11],0
ZuluUU2_vs_balloon,UU_Zulu2UpgradeEpoch6,[NonCombatAir1UpgradeEpoch11],0
//Heavy Infantry 2 vs Balloon,,,
hi2_1_vs_balloon,HeavyInfantry2UpgradeEpoch1,[NonCombatAir1UpgradeEpoch11],0
hi2_2_vs_balloon,HeavyInfantry2UpgradeEpoch1,[NonCombatAir1UpgradeEpoch11],0
hi2_5_vs_balloon,HeavyInfantry2UpgradeEpoch5,[NonCombatAir1UpgradeEpoch11],0
hi2_8_vs_balloon,HeavyInfantry2UpgradeEpoch8,[NonCombatAir1UpgradeEpoch11],0
hi2_11_vs_balloon,HeavyInfantry2UpgradeEpoch11,[NonCombatAir1UpgradeEpoch11],0
hi2_14_vs_balloon,HeavyInfantry2UpgradeEpoch14,[NonCombatAir1UpgradeEpoch11],0
GreekUU1_vs_balloon,UU_Greek1UpgradeEpoch1,[NonCombatAir1UpgradeEpoch11],0
RomanUU2_vs_balloon,UU_Roman2UpgradeEpoch6,[NonCombatAir1UpgradeEpoch11],0
ZuluUU1_vs_balloon,UU_Zulu1UpgradeEpoch1,[NonCombatAir1UpgradeEpoch11],0
//Light Artillery vs Inf,,,
// Buffed so LightArtillery1 has strong per-era advantage vs LightInfantry (target ≥1.6 economic ratio)
la_1_vs_light_infantry,LightArtillery1UpgradeEpoch1,[LightInfantryUpgradeEpoch1],170
la_1_vs_heavy_infantry,LightArtillery1UpgradeEpoch1,[HeavyInfantry1UpgradeEpoch1],110
la_1_vs_heavy_infantry2,LightArtillery1UpgradeEpoch1,[HeavyInfantry2UpgradeEpoch1],110
la_3_vs_light_infantry_1,LightArtillery1UpgradeEpoch3,[LightInfantryUpgradeEpoch1],180
la_3_vs_light_infantry_3,LightArtillery1UpgradeEpoch3,[LightInfantryUpgradeEpoch3],180
la_5_vs_light_infantry_5,LightArtillery1UpgradeEpoch5,[LightInfantryUpgradeEpoch5],185
la_5_vs_heavy_infantry,LightArtillery1UpgradeEpoch5,[HeavyInfantry2UpgradeEpoch5],95
la_7_vs_light_infantryi_7,LightArtillery1UpgradeEpoch7,[LightInfantryUpgradeEpoch7],190
la_11_vs_light_infantry_11,LightArtillery1UpgradeEpoch11,[LightInfantryUpgradeEpoch11],80
la_11_vs_heavy_infantry_11,LightArtillery1UpgradeEpoch11,[HeavyInfantry1UpgradeEpoch11],80
la_11_vs_heavy_infantry2_11,LightArtillery1UpgradeEpoch11,[HeavyInfantry2UpgradeEpoch11],60
la_13_vs_light_infantry_13,LightArtillery1UpgradeEpoch13,[LightInfantryUpgradeEpoch13],50
la_13_vs_heavy_infantry_13,LightArtillery1UpgradeEpoch13,[HeavyInfantry1UpgradeEpoch13],80
la_15_vs_light_infantry_15,LightArtillery1UpgradeEpoch15,[LightInfantryUpgradeEpoch15],55
la_15_vs_heavy_infantry_15,LightArtillery1UpgradeEpoch15,[HeavyInfantry1UpgradeEpoch15],75
la_15_vs_heavy_infantry2_14,LightArtillery1UpgradeEpoch15,[HeavyInfantry2UpgradeEpoch14],80
//Light Artillery Vs Heavy Tanks,,,
la_9_vs_htank_11,LightArtillery1UpgradeEpoch9,[HeavyMounted1UpgradeEpoch11],150
la_9_vs_htank_12,LightArtillery1UpgradeEpoch9,[HeavyMounted1UpgradeEpoch12],150
la_9_vs_htank_13,LightArtillery1UpgradeEpoch9,[HeavyMounted1UpgradeEpoch13],150
la_9_vs_htank_15,LightArtillery1UpgradeEpoch9,[HeavyMounted1UpgradeEpoch15],150
la_11_vs_htank_11,LightArtillery1UpgradeEpoch11,[HeavyMounted1UpgradeEpoch11],150
la_11_vs_htank_12,LightArtillery1UpgradeEpoch11,[HeavyMounted1UpgradeEpoch12],140
la_11_vs_htank_13,LightArtillery1UpgradeEpoch11,[HeavyMounted1UpgradeEpoch13],130
la_13_vs_htank_11,LightArtillery1UpgradeEpoch13,[HeavyMounted1UpgradeEpoch11],120
la_13_vs_htank_12,LightArtillery1UpgradeEpoch13,[HeavyMounted1UpgradeEpoch12],120
la_13_vs_htank_13,LightArtillery1UpgradeEpoch13,[HeavyMounted1UpgradeEpoch13],120
la_13_vs_htank_15,LightArtillery1UpgradeEpoch13,[HeavyMounted1UpgradeEpoch15],120
la_15_vs_htank_11,LightArtillery1UpgradeEpoch15,[HeavyMounted1UpgradeEpoch11],140
la_15_vs_htank_12,LightArtillery1UpgradeEpoch15,[HeavyMounted1UpgradeEpoch12],140
la_15_vs_htank_13,LightArtillery1UpgradeEpoch15,[HeavyMounted1UpgradeEpoch13],130
la_15_vs_htank_15,LightArtillery1UpgradeEpoch15,[HeavyMounted1UpgradeEpoch15],100
//Light Artillery Vs Tanks,,,
la_11_vs_tank_11,LightArtillery1UpgradeEpoch11,[LightMounted1UpgradeEpoch11],175
la_11_vs_tank_12,LightArtillery1UpgradeEpoch11,[LightMounted1UpgradeEpoch12],160
la_11_vs_tank_13,LightArtillery1UpgradeEpoch11,[LightMounted1UpgradeEpoch13],140
la_11_vs_tank_15,LightArtillery1UpgradeEpoch11,[LightMounted1UpgradeEpoch15],125
la_13_vs_tank_11,LightArtillery1UpgradeEpoch13,[LightMounted1UpgradeEpoch11],150
la_13_vs_tank_12,LightArtillery1UpgradeEpoch13,[LightMounted1UpgradeEpoch12],150
la_13_vs_tank_13,LightArtillery1UpgradeEpoch13,[LightMounted1UpgradeEpoch13],150
la_13_vs_tank_15,LightArtillery1UpgradeEpoch13,[LightMounted1UpgradeEpoch15],125
la_15_vs_tank_15,LightArtillery1UpgradeEpoch15,[LightMounted1UpgradeEpoch15],125
//Light Artillery vs Heavy Mounted,,,
la_7_vs_hm_6,LightArtillery1UpgradeEpoch7,[HeavyMounted1UpgradeEpoch6],150
la_7_vs_hm_8,LightArtillery1UpgradeEpoch7,[HeavyMounted1UpgradeEpoch8],150
la_9_vs_hm_6,LightArtillery1UpgradeEpoch9,[HeavyMounted1UpgradeEpoch6],150
la_9_vs_hm_8,LightArtillery1UpgradeEpoch9,[HeavyMounted1UpgradeEpoch8],150
la_11_vs_hm_10,LightArtillery1UpgradeEpoch11,[HeavyMounted1UpgradeEpoch10],125
//Light Artillery vs Light Mounted,,,
la_11_vs_lightmounted_10,LightArtillery1UpgradeEpoch11,[LightMounted1UpgradeEpoch10],120
// Light Artillery vs Heavy Artillery,,,
la_1_vs_HeavyArtillery2,LightArtillery1UpgradeEpoch1,[HeavyArtilleryUpgradeEpoch1],80
la_5_vs_HeavyArtillery6,LightArtillery1UpgradeEpoch5,[HeavyArtilleryUpgradeEpoch6],90
la_7_vs_HeavyArtillery8,LightArtillery1UpgradeEpoch7,[HeavyArtilleryUpgradeEpoch8],80
la_9_vs_HeavyArtillery8,LightArtillery1UpgradeEpoch9,[HeavyArtilleryUpgradeEpoch8],80
la_9_vs_HeavyArtillery10,LightArtillery1UpgradeEpoch9,[HeavyArtilleryUpgradeEpoch10],75
la_13_vs_HeavyArtillery14,LightArtillery1UpgradeEpoch13,[HeavyArtilleryUpgradeEpoch14],80
//Heavy Artillery vs Tanks,,,
ha_14_vs_tank_13,HeavyArtilleryUpgradeEpoch14,[LightMounted1UpgradeEpoch13],125
ha_14_vs_tank_15,HeavyArtilleryUpgradeEpoch14,[LightMounted1UpgradeEpoch15],125
ha_14_vs_htank_13,HeavyArtilleryUpgradeEpoch14,[HeavyMounted1UpgradeEpoch13],125
ha_14_vs_htank_15,HeavyArtilleryUpgradeEpoch14,[HeavyMounted1UpgradeEpoch15],125
//Heavy Artillery vs Heavy Mounted,,,
ha_6_vs_hm_6,HeavyArtilleryUpgradeEpoch6,[HeavyMounted1UpgradeEpoch6],125
//ha_8_vs_hm_8,HeavyArtilleryUpgradeEpoch8,[HeavyMounted1UpgradeEpoch8],125
//Heavy Artillery vs Infantry,,,
ha_2_vs_HeavyInfantry1_1,HeavyArtilleryUpgradeEpoch1,[HeavyInfantry1UpgradeEpoch1],110
ha_2_vs_HeavyInfantry2_2,HeavyArtilleryUpgradeEpoch1,[HeavyInfantry2UpgradeEpoch1],110
ha_2_vs_LightInfantry_2,HeavyArtilleryUpgradeEpoch1,[LightInfantryUpgradeEpoch1],90
ha_4_vs_LightInfantry_3,HeavyArtilleryUpgradeEpoch4,[LightInfantryUpgradeEpoch3],80
ha_8_vs_LightInfantry_7,HeavyArtilleryUpgradeEpoch8,[LightInfantryUpgradeEpoch7],60
ha_8_vs_LightInfantry_9,HeavyArtilleryUpgradeEpoch8,[LightInfantryUpgradeEpoch9],60
ha_8_vs_LightInfantry_11,HeavyArtilleryUpgradeEpoch8,[LightInfantryUpgradeEpoch11],60
ha_8_vs_HeavyMounted_6,HeavyArtilleryUpgradeEpoch8,[HeavyMounted1UpgradeEpoch6],80
ha_8_vs_HeavyMounted_8,HeavyArtilleryUpgradeEpoch8,[HeavyMounted1UpgradeEpoch8],80
ha_8_vs_HeavyMounted_10,HeavyArtilleryUpgradeEpoch8,[HeavyMounted1UpgradeEpoch10],80
ha_10_vs_LightInfantry_9,HeavyArtilleryUpgradeEpoch10,[LightInfantryUpgradeEpoch9],90
ha_12_vs_li_13,HeavyArtilleryUpgradeEpoch12,[LightInfantryUpgradeEpoch11],60
ha_12_vs_li_15,HeavyArtilleryUpgradeEpoch12,[LightInfantryUpgradeEpoch13],60
ha_12_vs_hi1_11,HeavyArtilleryUpgradeEpoch12,[HeavyInfantry1UpgradeEpoch11],50
ha_12_vs_hi1_13,HeavyArtilleryUpgradeEpoch12,[HeavyInfantry1UpgradeEpoch13],60
ha_12_vs_hi2_11,HeavyArtilleryUpgradeEpoch12,[HeavyInfantry2UpgradeEpoch11],60
ha_14_vs_li_13,HeavyArtilleryUpgradeEpoch14,[LightInfantryUpgradeEpoch13],70
ha_14_vs_li_15,HeavyArtilleryUpgradeEpoch14,[LightInfantryUpgradeEpoch15],80
ha_14_vs_hi1_13,HeavyArtilleryUpgradeEpoch14,[HeavyInfantry1UpgradeEpoch13],80
ha_14_vs_hi1_15,HeavyArtilleryUpgradeEpoch14,[HeavyInfantry1UpgradeEpoch15],80
ha_14_vs_hi2_14,HeavyArtilleryUpgradeEpoch14,[HeavyInfantry2UpgradeEpoch14],80
// Submarine Versus Destroyer,,,
sub11_vs_destroyer11,DestroyerUpgradeEpoch11,[SubmarineUpgradeEpoch11],85

ChineseUU2_vs_LightInfantry_7,UU_Chinese2UpgradeEpoch6,[LightInfantryUpgradeEpoch7],60
ChineseUU2_vs_LightInfantry_9,UU_Chinese2UpgradeEpoch6,[LightInfantryUpgradeEpoch9],60
ChineseUU2_vs_LightInfantry_11,UU_Chinese2UpgradeEpoch6,[LightInfantryUpgradeEpoch11],60
ChineseUU2_vs_HeavyMounted_6,UU_Chinese2UpgradeEpoch6,[HeavyMounted1UpgradeEpoch6],80
ChineseUU2_vs_HeavyMounted_8,UU_Chinese2UpgradeEpoch6,[HeavyMounted1UpgradeEpoch8],80
ChineseUU2_vs_HeavyMounted_10,UU_Chinese2UpgradeEpoch6,[HeavyMounted1UpgradeEpoch10],80

//Egyptian campaign - everyone vs EgyptFortress,,,
li_1_vs_EgyptFortress,LightInfantryUpgradeEpoch1,[EgyptFortressUpgradeEpoch4],0
li_3_vs_EgyptFortress,LightInfantryUpgradeEpoch3,[EgyptFortressUpgradeEpoch4],0
hi1_1_vs_EgyptFortress,HeavyInfantry1UpgradeEpoch1,[EgyptFortressUpgradeEpoch4],0
hi1_3_vs_EgyptFortress,HeavyInfantry1UpgradeEpoch3,[EgyptFortressUpgradeEpoch4],0
hi2_1_vs_EgyptFortress,HeavyInfantry2UpgradeEpoch1,[EgyptFortressUpgradeEpoch4],0
hi2_2_vs_EgyptFortress,HeavyInfantry2UpgradeEpoch1,[EgyptFortressUpgradeEpoch4],0
la_1_vs_EgyptFortress,LightArtillery1UpgradeEpoch1,[EgyptFortressUpgradeEpoch4],0
la_3_vs_EgyptFortress,LightArtillery1UpgradeEpoch3,[EgyptFortressUpgradeEpoch4],0
ha_2_vs_EgyptFortress,HeavyArtilleryUpgradeEpoch1,[EgyptFortressUpgradeEpoch4],0
ha_4_vs_EgyptFortress,HeavyArtilleryUpgradeEpoch4,[EgyptFortressUpgradeEpoch4],0
LightMounted_2_vs_EgyptFortress,LightMounted1UpgradeEpoch1,[EgyptFortressUpgradeEpoch4],0
LightMounted_4_vs_EgyptFortress,LightMounted1UpgradeEpoch4,[EgyptFortressUpgradeEpoch4],0
HeavyMounted_2_vs_EgyptFortress,HeavyMounted1UpgradeEpoch1,[EgyptFortressUpgradeEpoch4],0
HeavyMounted_4_vs_EgyptFortress,HeavyMounted1UpgradeEpoch4,[EgyptFortressUpgradeEpoch4],0
EgyptianUU1_vs_EgyptFortress,UU_Egyptian1UpgradeEpoch1,[EgyptFortressUpgradeEpoch4],0
Ram_1_vs_EgyptFortress,RamUpgradeEpoch1,[EgyptFortressUpgradeEpoch4],0
Ram_3_vs_EgyptFortress,RamUpgradeEpoch3,[EgyptFortressUpgradeEpoch4],0
SeigeTower_1_vs_EgyptFortress,SeigeTowerUpgradeEpoch1,[EgyptFortressUpgradeEpoch4],0
SeigeTower_4_vs_EgyptFortress,SeigeTowerUpgradeEpoch4,[EgyptFortressUpgradeEpoch4],0
LeaderKemsa_vs_EgyptFortress,LeaderKemsa,[EgyptFortressUpgradeEpoch4],0
EgyptCrocodile_vs_EgyptFortress,EgyptCrocodileUpgrade1,[EgyptFortressUpgradeEpoch4],100
Scout_1_vs_EgyptFortress,ScoutUpgradeEpoch1,[EgyptFortressUpgradeEpoch4],0
Scout_4_vs_EgyptFortress,ScoutUpgradeEpoch4,[EgyptFortressUpgradeEpoch4],0
CitizenF_1_vs_EgyptFortress,CitizenFUpgradeEpoch1,[EgyptFortressUpgradeEpoch4],0
CitizenF_4_vs_EgyptFortress,CitizenFUpgradeEpoch4,[EgyptFortressUpgradeEpoch4],0
Citizen_1_vs_EgyptFortress,CitizenUpgradeEpoch1,[EgyptFortressUpgradeEpoch4],0
Citizen_4_vs_EgyptFortress,CitizenUpgradeEpoch4,[EgyptFortressUpgradeEpoch4],0
Outpost_1_vs_EgyptFortress,OutpostUpgradeEpoch1,[EgyptFortressUpgradeEpoch4],0
Outpost_4_vs_EgyptFortress,OutpostUpgradeEpoch4,[EgyptFortressUpgradeEpoch4],0
Outpost2_1_vs_EgyptFortress,Outpost2UpgradeEpoch1,[EgyptFortressUpgradeEpoch4],0
Outpost2_4_vs_EgyptFortress,Outpost2UpgradeEpoch4,[EgyptFortressUpgradeEpoch4],0
Fortress_1_vs_EgyptFortress,FortressUpgradeEpoch1,[EgyptFortressUpgradeEpoch4],0
Fortress_4_vs_EgyptFortress,FortressUpgradeEpoch4,[EgyptFortressUpgradeEpoch4],0
WallTower_2_vs_EgyptFortress,WallTowerUpgradeEpoch2,[EgyptFortressUpgradeEpoch4],0

//============================================
// AA防空护卫舰 RPS克制 - 全线E11-E15
// 对空: 200%(2x) | 对海/对陆: 0%
// 生成: 2026-05-18 19:10
//============================================
//--- Ch054A ---
c054a_E11_air_Fighter,Ch054AUpgradeEpoch11,[FighterUpgradeEpoch11],200
c054a_E11_air_FighterBomber,Ch054AUpgradeEpoch11,[FighterBomberUpgradeEpoch11],200
c054a_E11_air_Bomber,Ch054AUpgradeEpoch11,[BomberUpgradeEpoch11],200
c054a_E11_air_TransHelicopter,Ch054AUpgradeEpoch11,[TransHelicopterUpgradeEpoch11],200
c054a_E11_surf_Destroyer,Ch054AUpgradeEpoch11,[DestroyerUpgradeEpoch11],0
c054a_E11_surf_Battleship,Ch054AUpgradeEpoch11,[BattleshipUpgradeEpoch11],0
c054a_E11_surf_HeavyMounted1,Ch054AUpgradeEpoch11,[HeavyMounted1UpgradeEpoch11],0
c054a_E11_surf_HeavyInfantry1,Ch054AUpgradeEpoch11,[HeavyInfantry1UpgradeEpoch11],0
c054a_E11_surf_LightArtillery1,Ch054AUpgradeEpoch11,[LightArtillery1UpgradeEpoch11],0
c054a_E11_surf_Fortress,Ch054AUpgradeEpoch11,[FortressUpgradeEpoch11],0
c054a_E12_air_Fighter,Ch054AUpgradeEpoch12,[FighterUpgradeEpoch12],200
c054a_E12_air_FighterBomber,Ch054AUpgradeEpoch12,[FighterBomberUpgradeEpoch12],200
c054a_E12_air_Bomber,Ch054AUpgradeEpoch12,[BomberUpgradeEpoch12],200
c054a_E12_air_TransHelicopter,Ch054AUpgradeEpoch12,[TransHelicopterUpgradeEpoch12],200
c054a_E12_surf_Destroyer,Ch054AUpgradeEpoch12,[DestroyerUpgradeEpoch12],0
c054a_E12_surf_Battleship,Ch054AUpgradeEpoch12,[BattleshipUpgradeEpoch12],0
c054a_E12_surf_HeavyMounted1,Ch054AUpgradeEpoch12,[HeavyMounted1UpgradeEpoch12],0
c054a_E12_surf_HeavyInfantry1,Ch054AUpgradeEpoch12,[HeavyInfantry1UpgradeEpoch12],0
c054a_E12_surf_LightArtillery1,Ch054AUpgradeEpoch12,[LightArtillery1UpgradeEpoch12],0
c054a_E12_surf_Fortress,Ch054AUpgradeEpoch12,[FortressUpgradeEpoch12],0
c054a_E13_air_Fighter,Ch054AUpgradeEpoch13,[FighterUpgradeEpoch13],200
c054a_E13_air_FighterBomber,Ch054AUpgradeEpoch13,[FighterBomberUpgradeEpoch13],200
c054a_E13_air_Bomber,Ch054AUpgradeEpoch13,[BomberUpgradeEpoch13],200
c054a_E13_air_NuclearBomber,Ch054AUpgradeEpoch13,[NuclearBomberUpgradeEpoch13],200
c054a_E13_air_TransHelicopter,Ch054AUpgradeEpoch13,[TransHelicopterUpgradeEpoch13],200
c054a_E13_surf_Destroyer,Ch054AUpgradeEpoch13,[DestroyerUpgradeEpoch13],0
c054a_E13_surf_Battleship,Ch054AUpgradeEpoch13,[BattleshipUpgradeEpoch13],0
c054a_E13_surf_HeavyMounted1,Ch054AUpgradeEpoch13,[HeavyMounted1UpgradeEpoch13],0
c054a_E13_surf_HeavyInfantry2,Ch054AUpgradeEpoch13,[HeavyInfantry2UpgradeEpoch14],0
c054a_E13_surf_LightArtillery1,Ch054AUpgradeEpoch13,[LightArtillery1UpgradeEpoch13],0
c054a_E13_surf_Fortress,Ch054AUpgradeEpoch13,[FortressUpgradeEpoch13],0
c054a_E13_surf_AircraftCarrier,Ch054AUpgradeEpoch13,[AircraftCarrierUpgradeEpoch13],0
c054a_E14_air_Fighter,Ch054AUpgradeEpoch14,[FighterUpgradeEpoch14],150
c054a_E14_air_FighterBomber,Ch054AUpgradeEpoch14,[FighterBomberUpgradeEpoch14],150
c054a_E14_air_Bomber,Ch054AUpgradeEpoch14,[BomberUpgradeEpoch14],150
c054a_E14_air_TransHelicopter,Ch054AUpgradeEpoch14,[TransHelicopterUpgradeEpoch14],150
c054a_E14_air_NavalF18Epoch14,Ch054AUpgradeEpoch14,[NavalF18Epoch14],200
c054a_E14_air_ChinaPlaneEpoch14,Ch054AUpgradeEpoch14,[ChinaPlaneEpoch14],200
c054a_E14_air_RussianPlaneEpoch14,Ch054AUpgradeEpoch14,[RussianPlaneEpoch14],200
c054a_E14_air_FrenchPlaneEpoch14,Ch054AUpgradeEpoch14,[FrenchPlaneEpoch14],200
c054a_E14_air_EnglishPlaneEpoch14,Ch054AUpgradeEpoch14,[EnglishPlaneEpoch14],200
c054a_E14_air_GermanPlaneEpoch14,Ch054AUpgradeEpoch14,[GermanPlaneEpoch14],200
c054a_E14_air_RomanPlaneEpoch14,Ch054AUpgradeEpoch14,[RomanPlaneEpoch14],200
c054a_E14_air_IncaPlaneEpoch14,Ch054AUpgradeEpoch14,[IncaPlaneEpoch14],200
c054a_E14_air_UU_Japanese3,Ch054AUpgradeEpoch14,[UU_Japanese3UpgradeEpoch14],200
c054a_E14_surf_Destroyer,Ch054AUpgradeEpoch14,[DestroyerUpgradeEpoch14],0
c054a_E14_surf_Battleship,Ch054AUpgradeEpoch14,[BattleshipUpgradeEpoch14],0
c054a_E14_surf_HeavyMounted1,Ch054AUpgradeEpoch14,[HeavyMounted1UpgradeEpoch14],0
c054a_E14_surf_HeavyInfantry2,Ch054AUpgradeEpoch14,[HeavyInfantry2UpgradeEpoch14],0
c054a_E14_surf_LightArtillery1,Ch054AUpgradeEpoch14,[LightArtillery1UpgradeEpoch14],0
c054a_E14_surf_Fortress,Ch054AUpgradeEpoch14,[FortressUpgradeEpoch14],0
c054a_E14_surf_AircraftCarrier,Ch054AUpgradeEpoch14,[AircraftCarrierUpgradeEpoch14],0
c054a_E14_surf_ChinaCarrierEpoch14,Ch054AUpgradeEpoch14,[ChinaCarrierEpoch14],0
c054a_E14_surf_RussianCarrierEpoch14,Ch054AUpgradeEpoch14,[RussianCarrierEpoch14],0
c054a_E14_surf_CoastalDefense,Ch054AUpgradeEpoch14,[CoastalDefenseUpgradeEpoch14],0
c054a_E15_air_Fighter,Ch054AUpgradeEpoch15,[FighterUpgradeEpoch15],200
c054a_E15_air_FighterBomber,Ch054AUpgradeEpoch15,[FighterBomberUpgradeEpoch15],200
c054a_E15_air_Bomber,Ch054AUpgradeEpoch15,[BomberUpgradeEpoch15],200
c054a_E15_air_NuclearBomber,Ch054AUpgradeEpoch15,[NuclearBomberUpgradeEpoch15],200
c054a_E15_air_TransHelicopter,Ch054AUpgradeEpoch15,[TransHelicopterUpgradeEpoch15],200
c054a_E15_surf_Destroyer,Ch054AUpgradeEpoch15,[DestroyerUpgradeEpoch15],0
c054a_E15_surf_Battleship,Ch054AUpgradeEpoch15,[BattleshipUpgradeEpoch15],0
c054a_E15_surf_HeavyMounted1,Ch054AUpgradeEpoch15,[HeavyMounted1UpgradeEpoch15],0
c054a_E15_surf_HeavyInfantry2,Ch054AUpgradeEpoch15,[HeavyInfantry2UpgradeEpoch15],0
c054a_E15_surf_LightArtillery1,Ch054AUpgradeEpoch15,[LightArtillery1UpgradeEpoch15],0
c054a_E15_surf_Fortress,Ch054AUpgradeEpoch15,[FortressUpgradeEpoch15],0
c054a_E15_surf_AircraftCarrier,Ch054AUpgradeEpoch15,[AircraftCarrierUpgradeEpoch15],0
//--- FregattenFFG ---
ffg_E11_air_Fighter,FregattenFFGUpgradeEpoch11,[FighterUpgradeEpoch11],200
ffg_E11_air_FighterBomber,FregattenFFGUpgradeEpoch11,[FighterBomberUpgradeEpoch11],200
ffg_E11_air_Bomber,FregattenFFGUpgradeEpoch11,[BomberUpgradeEpoch11],200
ffg_E11_air_TransHelicopter,FregattenFFGUpgradeEpoch11,[TransHelicopterUpgradeEpoch11],200
ffg_E11_surf_Destroyer,FregattenFFGUpgradeEpoch11,[DestroyerUpgradeEpoch11],0
ffg_E11_surf_Battleship,FregattenFFGUpgradeEpoch11,[BattleshipUpgradeEpoch11],0
ffg_E11_surf_HeavyMounted1,FregattenFFGUpgradeEpoch11,[HeavyMounted1UpgradeEpoch11],0
ffg_E11_surf_HeavyInfantry1,FregattenFFGUpgradeEpoch11,[HeavyInfantry1UpgradeEpoch11],0
ffg_E11_surf_LightArtillery1,FregattenFFGUpgradeEpoch11,[LightArtillery1UpgradeEpoch11],0
ffg_E11_surf_Fortress,FregattenFFGUpgradeEpoch11,[FortressUpgradeEpoch11],0
ffg_E12_air_Fighter,FregattenFFGUpgradeEpoch12,[FighterUpgradeEpoch12],200
ffg_E12_air_FighterBomber,FregattenFFGUpgradeEpoch12,[FighterBomberUpgradeEpoch12],200
ffg_E12_air_Bomber,FregattenFFGUpgradeEpoch12,[BomberUpgradeEpoch12],200
ffg_E12_air_TransHelicopter,FregattenFFGUpgradeEpoch12,[TransHelicopterUpgradeEpoch12],200
ffg_E12_surf_Destroyer,FregattenFFGUpgradeEpoch12,[DestroyerUpgradeEpoch12],0
ffg_E12_surf_Battleship,FregattenFFGUpgradeEpoch12,[BattleshipUpgradeEpoch12],0
ffg_E12_surf_HeavyMounted1,FregattenFFGUpgradeEpoch12,[HeavyMounted1UpgradeEpoch12],0
ffg_E12_surf_HeavyInfantry1,FregattenFFGUpgradeEpoch12,[HeavyInfantry1UpgradeEpoch12],0
ffg_E12_surf_LightArtillery1,FregattenFFGUpgradeEpoch12,[LightArtillery1UpgradeEpoch12],0
ffg_E12_surf_Fortress,FregattenFFGUpgradeEpoch12,[FortressUpgradeEpoch12],0
ffg_E13_air_Fighter,FregattenFFGUpgradeEpoch13,[FighterUpgradeEpoch13],200
ffg_E13_air_FighterBomber,FregattenFFGUpgradeEpoch13,[FighterBomberUpgradeEpoch13],200
ffg_E13_air_Bomber,FregattenFFGUpgradeEpoch13,[BomberUpgradeEpoch13],200
ffg_E13_air_NuclearBomber,FregattenFFGUpgradeEpoch13,[NuclearBomberUpgradeEpoch13],200
ffg_E13_air_TransHelicopter,FregattenFFGUpgradeEpoch13,[TransHelicopterUpgradeEpoch13],200
ffg_E13_surf_Destroyer,FregattenFFGUpgradeEpoch13,[DestroyerUpgradeEpoch13],0
ffg_E13_surf_Battleship,FregattenFFGUpgradeEpoch13,[BattleshipUpgradeEpoch13],0
ffg_E13_surf_HeavyMounted1,FregattenFFGUpgradeEpoch13,[HeavyMounted1UpgradeEpoch13],0
ffg_E13_surf_HeavyInfantry2,FregattenFFGUpgradeEpoch13,[HeavyInfantry2UpgradeEpoch14],0
ffg_E13_surf_LightArtillery1,FregattenFFGUpgradeEpoch13,[LightArtillery1UpgradeEpoch13],0
ffg_E13_surf_Fortress,FregattenFFGUpgradeEpoch13,[FortressUpgradeEpoch13],0
ffg_E13_surf_AircraftCarrier,FregattenFFGUpgradeEpoch13,[AircraftCarrierUpgradeEpoch13],0
ffg_E14_air_Fighter,FregattenFFGUpgradeEpoch14,[FighterUpgradeEpoch14],150
ffg_E14_air_FighterBomber,FregattenFFGUpgradeEpoch14,[FighterBomberUpgradeEpoch14],150
ffg_E14_air_Bomber,FregattenFFGUpgradeEpoch14,[BomberUpgradeEpoch14],150
ffg_E14_air_TransHelicopter,FregattenFFGUpgradeEpoch14,[TransHelicopterUpgradeEpoch14],150
ffg_E14_air_NavalF18Epoch14,FregattenFFGUpgradeEpoch14,[NavalF18Epoch14],200
ffg_E14_air_ChinaPlaneEpoch14,FregattenFFGUpgradeEpoch14,[ChinaPlaneEpoch14],200
ffg_E14_air_RussianPlaneEpoch14,FregattenFFGUpgradeEpoch14,[RussianPlaneEpoch14],200
ffg_E14_air_FrenchPlaneEpoch14,FregattenFFGUpgradeEpoch14,[FrenchPlaneEpoch14],200
ffg_E14_air_EnglishPlaneEpoch14,FregattenFFGUpgradeEpoch14,[EnglishPlaneEpoch14],200
ffg_E14_air_GermanPlaneEpoch14,FregattenFFGUpgradeEpoch14,[GermanPlaneEpoch14],200
ffg_E14_air_RomanPlaneEpoch14,FregattenFFGUpgradeEpoch14,[RomanPlaneEpoch14],200
ffg_E14_air_IncaPlaneEpoch14,FregattenFFGUpgradeEpoch14,[IncaPlaneEpoch14],200
ffg_E14_air_UU_Japanese3,FregattenFFGUpgradeEpoch14,[UU_Japanese3UpgradeEpoch14],200
ffg_E14_surf_Destroyer,FregattenFFGUpgradeEpoch14,[DestroyerUpgradeEpoch14],0
ffg_E14_surf_Battleship,FregattenFFGUpgradeEpoch14,[BattleshipUpgradeEpoch14],0
ffg_E14_surf_HeavyMounted1,FregattenFFGUpgradeEpoch14,[HeavyMounted1UpgradeEpoch14],0
ffg_E14_surf_HeavyInfantry2,FregattenFFGUpgradeEpoch14,[HeavyInfantry2UpgradeEpoch14],0
ffg_E14_surf_LightArtillery1,FregattenFFGUpgradeEpoch14,[LightArtillery1UpgradeEpoch14],0
ffg_E14_surf_Fortress,FregattenFFGUpgradeEpoch14,[FortressUpgradeEpoch14],0
ffg_E14_surf_AircraftCarrier,FregattenFFGUpgradeEpoch14,[AircraftCarrierUpgradeEpoch14],0
ffg_E14_surf_ChinaCarrierEpoch14,FregattenFFGUpgradeEpoch14,[ChinaCarrierEpoch14],0
ffg_E14_surf_RussianCarrierEpoch14,FregattenFFGUpgradeEpoch14,[RussianCarrierEpoch14],0
ffg_E14_surf_CoastalDefense,FregattenFFGUpgradeEpoch14,[CoastalDefenseUpgradeEpoch14],0
ffg_E15_air_Fighter,FregattenFFGUpgradeEpoch15,[FighterUpgradeEpoch15],200
ffg_E15_air_FighterBomber,FregattenFFGUpgradeEpoch15,[FighterBomberUpgradeEpoch15],200
ffg_E15_air_Bomber,FregattenFFGUpgradeEpoch15,[BomberUpgradeEpoch15],200
ffg_E15_air_NuclearBomber,FregattenFFGUpgradeEpoch15,[NuclearBomberUpgradeEpoch15],200
ffg_E15_air_TransHelicopter,FregattenFFGUpgradeEpoch15,[TransHelicopterUpgradeEpoch15],200
ffg_E15_surf_Destroyer,FregattenFFGUpgradeEpoch15,[DestroyerUpgradeEpoch15],0
ffg_E15_surf_Battleship,FregattenFFGUpgradeEpoch15,[BattleshipUpgradeEpoch15],0
ffg_E15_surf_HeavyMounted1,FregattenFFGUpgradeEpoch15,[HeavyMounted1UpgradeEpoch15],0
ffg_E15_surf_HeavyInfantry2,FregattenFFGUpgradeEpoch15,[HeavyInfantry2UpgradeEpoch15],0
ffg_E15_surf_LightArtillery1,FregattenFFGUpgradeEpoch15,[LightArtillery1UpgradeEpoch15],0
ffg_E15_surf_Fortress,FregattenFFGUpgradeEpoch15,[FortressUpgradeEpoch15],0
ffg_E15_surf_AircraftCarrier,FregattenFFGUpgradeEpoch15,[AircraftCarrierUpgradeEpoch15],0
//--- Type22350 ---
t22350_E11_air_Fighter,Type22350UpgradeEpoch11,[FighterUpgradeEpoch11],200
t22350_E11_air_FighterBomber,Type22350UpgradeEpoch11,[FighterBomberUpgradeEpoch11],200
t22350_E11_air_Bomber,Type22350UpgradeEpoch11,[BomberUpgradeEpoch11],200
t22350_E11_air_TransHelicopter,Type22350UpgradeEpoch11,[TransHelicopterUpgradeEpoch11],200
t22350_E11_surf_Destroyer,Type22350UpgradeEpoch11,[DestroyerUpgradeEpoch11],0
t22350_E11_surf_Battleship,Type22350UpgradeEpoch11,[BattleshipUpgradeEpoch11],0
t22350_E11_surf_HeavyMounted1,Type22350UpgradeEpoch11,[HeavyMounted1UpgradeEpoch11],0
t22350_E11_surf_HeavyInfantry1,Type22350UpgradeEpoch11,[HeavyInfantry1UpgradeEpoch11],0
t22350_E11_surf_LightArtillery1,Type22350UpgradeEpoch11,[LightArtillery1UpgradeEpoch11],0
t22350_E11_surf_Fortress,Type22350UpgradeEpoch11,[FortressUpgradeEpoch11],0
t22350_E12_air_Fighter,Type22350UpgradeEpoch12,[FighterUpgradeEpoch12],200
t22350_E12_air_FighterBomber,Type22350UpgradeEpoch12,[FighterBomberUpgradeEpoch12],200
t22350_E12_air_Bomber,Type22350UpgradeEpoch12,[BomberUpgradeEpoch12],200
t22350_E12_air_TransHelicopter,Type22350UpgradeEpoch12,[TransHelicopterUpgradeEpoch12],200
t22350_E12_surf_Destroyer,Type22350UpgradeEpoch12,[DestroyerUpgradeEpoch12],0
t22350_E12_surf_Battleship,Type22350UpgradeEpoch12,[BattleshipUpgradeEpoch12],0
t22350_E12_surf_HeavyMounted1,Type22350UpgradeEpoch12,[HeavyMounted1UpgradeEpoch12],0
t22350_E12_surf_HeavyInfantry1,Type22350UpgradeEpoch12,[HeavyInfantry1UpgradeEpoch12],0
t22350_E12_surf_LightArtillery1,Type22350UpgradeEpoch12,[LightArtillery1UpgradeEpoch12],0
t22350_E12_surf_Fortress,Type22350UpgradeEpoch12,[FortressUpgradeEpoch12],0
t22350_E13_air_Fighter,Type22350UpgradeEpoch13,[FighterUpgradeEpoch13],200
t22350_E13_air_FighterBomber,Type22350UpgradeEpoch13,[FighterBomberUpgradeEpoch13],200
t22350_E13_air_Bomber,Type22350UpgradeEpoch13,[BomberUpgradeEpoch13],200
t22350_E13_air_NuclearBomber,Type22350UpgradeEpoch13,[NuclearBomberUpgradeEpoch13],200
t22350_E13_air_TransHelicopter,Type22350UpgradeEpoch13,[TransHelicopterUpgradeEpoch13],200
t22350_E13_surf_Destroyer,Type22350UpgradeEpoch13,[DestroyerUpgradeEpoch13],0
t22350_E13_surf_Battleship,Type22350UpgradeEpoch13,[BattleshipUpgradeEpoch13],0
t22350_E13_surf_HeavyMounted1,Type22350UpgradeEpoch13,[HeavyMounted1UpgradeEpoch13],0
t22350_E13_surf_HeavyInfantry2,Type22350UpgradeEpoch13,[HeavyInfantry2UpgradeEpoch14],0
t22350_E13_surf_LightArtillery1,Type22350UpgradeEpoch13,[LightArtillery1UpgradeEpoch13],0
t22350_E13_surf_Fortress,Type22350UpgradeEpoch13,[FortressUpgradeEpoch13],0
t22350_E13_surf_AircraftCarrier,Type22350UpgradeEpoch13,[AircraftCarrierUpgradeEpoch13],0
t22350_E14_air_Fighter,Type22350UpgradeEpoch14,[FighterUpgradeEpoch14],150
t22350_E14_air_FighterBomber,Type22350UpgradeEpoch14,[FighterBomberUpgradeEpoch14],150
t22350_E14_air_Bomber,Type22350UpgradeEpoch14,[BomberUpgradeEpoch14],150
t22350_E14_air_TransHelicopter,Type22350UpgradeEpoch14,[TransHelicopterUpgradeEpoch14],150
t22350_E14_air_NavalF18Epoch14,Type22350UpgradeEpoch14,[NavalF18Epoch14],200
t22350_E14_air_ChinaPlaneEpoch14,Type22350UpgradeEpoch14,[ChinaPlaneEpoch14],200
t22350_E14_air_RussianPlaneEpoch14,Type22350UpgradeEpoch14,[RussianPlaneEpoch14],200
t22350_E14_air_FrenchPlaneEpoch14,Type22350UpgradeEpoch14,[FrenchPlaneEpoch14],200
t22350_E14_air_EnglishPlaneEpoch14,Type22350UpgradeEpoch14,[EnglishPlaneEpoch14],200
t22350_E14_air_GermanPlaneEpoch14,Type22350UpgradeEpoch14,[GermanPlaneEpoch14],200
t22350_E14_air_RomanPlaneEpoch14,Type22350UpgradeEpoch14,[RomanPlaneEpoch14],200
t22350_E14_air_IncaPlaneEpoch14,Type22350UpgradeEpoch14,[IncaPlaneEpoch14],200
t22350_E14_air_UU_Japanese3,Type22350UpgradeEpoch14,[UU_Japanese3UpgradeEpoch14],200
t22350_E14_surf_Destroyer,Type22350UpgradeEpoch14,[DestroyerUpgradeEpoch14],0
t22350_E14_surf_Battleship,Type22350UpgradeEpoch14,[BattleshipUpgradeEpoch14],0
t22350_E14_surf_HeavyMounted1,Type22350UpgradeEpoch14,[HeavyMounted1UpgradeEpoch14],0
t22350_E14_surf_HeavyInfantry2,Type22350UpgradeEpoch14,[HeavyInfantry2UpgradeEpoch14],0
t22350_E14_surf_LightArtillery1,Type22350UpgradeEpoch14,[LightArtillery1UpgradeEpoch14],0
t22350_E14_surf_Fortress,Type22350UpgradeEpoch14,[FortressUpgradeEpoch14],0
t22350_E14_surf_AircraftCarrier,Type22350UpgradeEpoch14,[AircraftCarrierUpgradeEpoch14],0
t22350_E14_surf_ChinaCarrierEpoch14,Type22350UpgradeEpoch14,[ChinaCarrierEpoch14],0
t22350_E14_surf_RussianCarrierEpoch14,Type22350UpgradeEpoch14,[RussianCarrierEpoch14],0
t22350_E14_surf_CoastalDefense,Type22350UpgradeEpoch14,[CoastalDefenseUpgradeEpoch14],0
t22350_E15_air_Fighter,Type22350UpgradeEpoch15,[FighterUpgradeEpoch15],200
t22350_E15_air_FighterBomber,Type22350UpgradeEpoch15,[FighterBomberUpgradeEpoch15],200
t22350_E15_air_Bomber,Type22350UpgradeEpoch15,[BomberUpgradeEpoch15],200
t22350_E15_air_NuclearBomber,Type22350UpgradeEpoch15,[NuclearBomberUpgradeEpoch15],200
t22350_E15_air_TransHelicopter,Type22350UpgradeEpoch15,[TransHelicopterUpgradeEpoch15],200
t22350_E15_surf_Destroyer,Type22350UpgradeEpoch15,[DestroyerUpgradeEpoch15],0
t22350_E15_surf_Battleship,Type22350UpgradeEpoch15,[BattleshipUpgradeEpoch15],0
t22350_E15_surf_HeavyMounted1,Type22350UpgradeEpoch15,[HeavyMounted1UpgradeEpoch15],0
t22350_E15_surf_HeavyInfantry2,Type22350UpgradeEpoch15,[HeavyInfantry2UpgradeEpoch15],0
t22350_E15_surf_LightArtillery1,Type22350UpgradeEpoch15,[LightArtillery1UpgradeEpoch15],0
t22350_E15_surf_Fortress,Type22350UpgradeEpoch15,[FortressUpgradeEpoch15],0
t22350_E15_surf_AircraftCarrier,Type22350UpgradeEpoch15,[AircraftCarrierUpgradeEpoch15],0
